"","x"
"1",1
"2",2
"3",3
"4",4
"5",4
"6",5
"7",6
"8",7
"9",8
"10",4
"11",9
"12",7
"13",10
"14",11
"15",12
"16",13
"17",14
"18",4
"19",15
"20",4
"21",4
"22",15
"23",16
"24",8
"25",17
"26",18
"27",19
"28",20
"29",21
"30",8
"31",8
"32",8
"33",8
"34",8
"35",7
"36",22
"37",23
"38",24
"39",25
"40",26
"41",27
"42",28
"43",27
"44",27
"45",8
"46",29
"47",30
"48",31
"49",32
"50",33
"51",34
"52",35
"53",36
"54",37
"55",38
"56",39
"57",39
"58",40
"59",41
"60",42
"61",43
"62",44
"63",45
"64",46
"65",47
"66",48
"67",49
"68",14
"69",50
"70",51
"71",52
"72",37
"73",37
"74",37
"75",53
"76",37
"77",39
"78",39
"79",37
"80",37
"81",53
"82",54
"83",55
"84",56
"85",57
"86",58
"87",59
"88",37
"89",60
"90",61
"91",61
"92",61
"93",62
"94",63
"95",63
"96",63
"97",63
"98",63
"99",64
"100",65
"101",66
"102",67
"103",68
"104",69
"105",70
"106",71
"107",72
"108",73
"109",74
"110",75
"111",76
"112",77
"113",78
"114",78
"115",78
"116",79
"117",80
"118",81
"119",82
"120",83
"121",84
"122",85
"123",86
"124",87
"125",88
"126",87
"127",87
"128",89
"129",90
"130",91
"131",92
"132",93
"133",93
"134",94
"135",95
"136",96
"137",96
"138",96
"139",96
"140",97
"141",98
"142",99
"143",100
"144",101
"145",102
"146",103
"147",104
"148",105
"149",106
"150",39
"151",41
"152",39
"153",107
"154",39
"155",108
"156",39
"157",108
"158",39
"159",108
"160",109
"161",39
"162",108
"163",39
"164",108
"165",39
"166",108
"167",39
"168",108
"169",39
"170",108
"171",39
"172",108
"173",39
"174",108
"175",39
"176",108
"177",110
"178",111
"179",112
"180",59
"181",91
"182",113
"183",114
"184",115
"185",115
"186",114
"187",116
"188",117
"189",118
"190",119
"191",120
"192",120
"193",119
"194",119
"195",121
"196",122
"197",123
"198",120
"199",124
"200",125
"201",126
"202",127
"203",128
"204",129
"205",130
"206",130
"207",130
"208",130
"209",130
"210",130
"211",130
"212",130
"213",130
"214",130
"215",131
"216",132
"217",132
"218",130
"219",130
"220",130
"221",130
"222",133
"223",134
"224",135
"225",37
"226",37
"227",37
"228",37
"229",136
"230",137
"231",138
"232",139
"233",140
"234",141
"235",142
"236",143
"237",144
"238",145
"239",146
"240",138
"241",147
"242",140
"243",148
"244",149
"245",148
"246",150
"247",150
"248",151
"249",150
"250",152
"251",153
"252",153
"253",154
"254",155
"255",156
"256",150
"257",157
"258",158
"259",159
"260",160
"261",8
"262",161
"263",162
"264",163
"265",164
"266",165
"267",166
"268",162
"269",167
"270",168
"271",169
"272",170
"273",171
"274",12
"275",167
"276",172
"277",173
"278",174
"279",175
"280",176
"281",177
"282",178
"283",179
"284",173
"285",180
"286",181
"287",182
"288",183
"289",180
"290",183
"291",184
"292",185
"293",185
"294",185
"295",186
"296",187
"297",188
"298",189
"299",190
"300",191
"301",192
"302",193
"303",98
"304",194
"305",195
"306",196
"307",197
"308",198
"309",9
"310",199
"311",200
"312",201
"313",202
"314",200
"315",200
"316",202
"317",200
"318",200
"319",203
"320",9
"321",204
"322",205
"323",206
"324",207
"325",208
"326",209
"327",209
"328",207
"329",210
"330",210
"331",211
"332",125
"333",212
"334",213
"335",214
"336",212
"337",213
"338",214
"339",212
"340",213
"341",214
"342",212
"343",213
"344",214
"345",212
"346",213
"347",214
"348",212
"349",213
"350",214
"351",212
"352",215
"353",214
"354",212
"355",215
"356",214
"357",212
"358",215
"359",214
"360",212
"361",215
"362",214
"363",215
"364",212
"365",215
"366",214
"367",212
"368",215
"369",214
"370",215
"371",214
"372",215
"373",212
"374",214
"375",212
"376",213
"377",214
"378",212
"379",213
"380",214
"381",212
"382",216
"383",214
"384",217
"385",217
"386",217
"387",218
"388",218
"389",219
"390",219
"391",219
"392",220
"393",221
"394",216
"395",222
"396",219
"397",217
"398",223
"399",197
"400",216
"401",216
"402",211
"403",125
"404",138
"405",138
"406",224
"407",194
"408",224
"409",224
"410",225
"411",226
"412",194
"413",224
"414",110
"415",226
"416",194
"417",227
"418",227
"419",228
"420",194
"421",229
"422",110
"423",230
"424",231
"425",230
"426",231
"427",232
"428",233
"429",234
"430",235
"431",29
"432",217
"433",217
"434",217
"435",219
"436",217
"437",219
"438",216
"439",223
"440",223
"441",236
"442",223
"443",219
"444",237
"445",219
"446",219
"447",219
"448",236
"449",238
"450",237
"451",216
"452",223
"453",223
"454",239
"455",240
"456",241
"457",242
"458",9
"459",243
"460",243
"461",244
"462",245
"463",246
"464",243
"465",243
"466",9
"467",99
"468",247
"469",248
"470",9
"471",249
"472",250
"473",251
"474",252
"475",253
"476",254
"477",250
"478",255
"479",256
"480",257
"481",257
"482",257
"483",257
"484",258
"485",259
"486",260
"487",260
"488",261
"489",262
"490",263
"491",264
"492",265
"493",266
"494",267
"495",267
"496",268
"497",269
"498",264
"499",270
"500",271
"501",272
"502",273
"503",274
"504",275
"505",276
"506",276
"507",277
"508",278
"509",279
"510",280
"511",281
"512",278
"513",282
"514",283
"515",279
"516",279
"517",284
"518",247
"519",285
"520",286
"521",287
"522",288
"523",289
"524",290
"525",291
"526",292
"527",292
"528",281
"529",293
"530",9
"531",294
"532",295
"533",296
"534",297
"535",298
"536",298
"537",299
"538",211
"539",125
"540",300
"541",9
"542",301
"543",302
"544",302
"545",302
"546",303
"547",302
"548",304
"549",225
"550",305
"551",267
"552",306
"553",9
"554",307
"555",308
"556",309
"557",170
"558",310
"559",29
"560",242
"561",311
"562",311
"563",312
"564",313
"565",314
"566",315
"567",316
"568",317
"569",318
"570",317
"571",305
"572",319
"573",103
"574",300
"575",320
"576",321
"577",305
"578",322
"579",323
"580",324
"581",324
"582",325
"583",325
"584",326
"585",266
"586",327
"587",327
"588",328
"589",328
"590",329
"591",330
"592",324
"593",9
"594",331
"595",332
"596",333
"597",332
"598",270
"599",203
"600",334
"601",197
"602",335
"603",336
"604",337
"605",338
"606",339
"607",338
"608",297
"609",203
"610",197
"611",340
"612",341
"613",342
"614",342
"615",343
"616",344
"617",344
"618",9
"619",345
"620",346
"621",347
"622",348
"623",295
"624",324
"625",324
"626",349
"627",348
"628",350
"629",351
"630",352
"631",352
"632",353
"633",354
"634",355
"635",356
"636",356
"637",305
"638",357
"639",358
"640",320
"641",359
"642",360
"643",361
"644",362
"645",362
"646",362
"647",363
"648",363
"649",297
"650",297
"651",300
"652",364
"653",365
"654",297
"655",297
"656",366
"657",270
"658",271
"659",271
"660",271
"661",271
"662",367
"663",271
"664",271
"665",368
"666",369
"667",369
"668",369
"669",369
"670",369
"671",369
"672",369
"673",369
"674",369
"675",369
"676",369
"677",369
"678",369
"679",370
"680",371
"681",9
"682",372
"683",373
"684",374
"685",262
"686",375
"687",376
"688",307
"689",377
"690",378
"691",379
"692",380
"693",381
"694",382
"695",382
"696",383
"697",384
"698",385
"699",385
"700",386
"701",268
"702",270
"703",270
"704",387
"705",29
"706",29
"707",183
"708",388
"709",389
"710",390
"711",391
"712",392
"713",268
"714",393
"715",307
"716",307
"717",394
"718",395
"719",396
"720",397
"721",398
"722",399
"723",400
"724",401
"725",402
"726",403
"727",404
"728",405
"729",406
"730",407
"731",377
"732",408
"733",409
"734",410
"735",411
"736",240
"737",412
"738",413
"739",414
"740",239
"741",239
"742",415
"743",416
"744",417
"745",418
"746",419
"747",420
"748",421
"749",422
"750",423
"751",424
"752",425
"753",426
"754",427
"755",428
"756",429
"757",430
"758",431
"759",432
"760",433
"761",434
"762",435
"763",436
"764",437
"765",438
"766",439
"767",440
"768",441
"769",442
"770",443
"771",444
"772",445
"773",446
"774",447
"775",448
"776",449
"777",450
"778",451
"779",452
"780",453
"781",454
"782",455
"783",456
"784",457
"785",458
"786",459
"787",460
"788",461
"789",462
"790",463
"791",464
"792",465
"793",466
"794",467
"795",468
"796",469
"797",470
"798",471
"799",472
"800",473
"801",474
"802",475
"803",476
"804",477
"805",478
"806",479
"807",480
"808",481
"809",482
"810",386
"811",483
"812",484
"813",485
"814",486
"815",308
"816",83
"817",291
"818",487
"819",488
"820",489
"821",489
"822",490
"823",491
"824",492
"825",493
"826",494
"827",495
"828",36
"829",496
"830",183
"831",35
"832",497
"833",498
"834",499
"835",500
"836",501
"837",502
"838",503
"839",504
"840",505
"841",504
"842",504
"843",504
"844",504
"845",133
"846",9
"847",291
"848",506
"849",504
"850",507
"851",496
"852",508
"853",222
"854",509
"855",510
"856",511
"857",512
"858",513
"859",510
"860",511
"861",387
"862",197
"863",512
"864",514
"865",184
"866",185
"867",185
"868",186
"869",187
"870",188
"871",189
"872",515
"873",190
"874",191
"875",516
"876",193
"877",517
"878",518
"879",519
"880",520
"881",520
"882",520
"883",521
"884",522
"885",523
"886",522
"887",522
"888",522
"889",520
"890",517
"891",521
"892",521
"893",522
"894",519
"895",522
"896",522
"897",522
"898",518
"899",316
"900",520
"901",520
"902",520
"903",217
"904",218
"905",218
"906",183
"907",183
"908",524
"909",525
"910",322
"911",197
"912",526
"913",526
"914",527
"915",526
"916",197
"917",183
"918",98
"919",183
"920",322
"921",528
"922",529
"923",530
"924",531
"925",532
"926",180
"927",533
"928",534
"929",535
"930",535
"931",536
"932",536
"933",537
"934",537
"935",538
"936",539
"937",539
"938",540
"939",269
"940",541
"941",541
"942",541
"943",541
"944",542
"945",543
"946",544
"947",545
"948",546
"949",547
"950",548
"951",548
"952",549
"953",546
"954",546
"955",9
"956",550
"957",551
"958",552
"959",553
"960",554
"961",555
"962",556
"963",557
"964",558
"965",559
"966",560
"967",561
"968",562
"969",563
"970",564
"971",565
"972",566
"973",566
"974",566
"975",567
"976",568
"977",569
"978",569
"979",569
"980",322
"981",570
"982",571
"983",216
"984",572
"985",573
"986",217
"987",569
"988",568
"989",568
"990",574
"991",531
"992",575
"993",295
"994",576
"995",531
"996",110
"997",577
"998",576
"999",496
"1000",65
"1001",65
"1002",578
"1003",579
"1004",580
"1005",581
"1006",582
"1007",291
"1008",583
"1009",584
"1010",585
"1011",585
"1012",586
"1013",9
"1014",545
"1015",587
"1016",588
"1017",589
"1018",590
"1019",591
"1020",592
"1021",593
"1022",594
"1023",594
"1024",595
"1025",566
"1026",566
"1027",566
"1028",8
"1029",8
"1030",8
"1031",8
"1032",8
"1033",596
"1034",597
"1035",598
"1036",599
"1037",600
"1038",601
"1039",147
"1040",602
"1041",603
"1042",604
"1043",605
"1044",606
"1045",607
"1046",608
"1047",609
"1048",610
"1049",611
"1050",612
"1051",607
"1052",606
"1053",8
"1054",613
"1055",236
"1056",614
"1057",613
"1058",615
"1059",616
"1060",617
"1061",618
"1062",619
"1063",620
"1064",8
"1065",8
"1066",272
"1067",2
"1068",3
"1069",5
"1070",14
"1071",16
"1072",16
"1073",14
"1074",16
"1075",16
"1076",16
"1077",295
"1078",621
"1079",16
"1080",622
"1081",16
"1082",16
"1083",16
"1084",16
"1085",16
"1086",16
"1087",9
"1088",623
"1089",13
"1090",8
"1091",16
"1092",8
"1093",16
"1094",16
"1095",9
"1096",623
"1097",13
"1098",8
"1099",16
"1100",8
"1101",16
"1102",8
"1103",624
"1104",625
"1105",626
"1106",223
"1107",627
"1108",628
"1109",223
"1110",629
"1111",630
"1112",3
"1113",8
"1114",8
"1115",8
"1116",8
"1117",112
"1118",147
"1119",631
"1120",632
"1121",98
"1122",633
"1123",634
"1124",634
"1125",634
"1126",634
"1127",29
"1128",635
"1129",636
"1130",637
"1131",637
"1132",638
"1133",637
"1134",639
"1135",640
"1136",640
"1137",639
"1138",641
"1139",641
"1140",496
"1141",322
"1142",217
"1143",217
"1144",217
"1145",217
"1146",217
"1147",217
"1148",217
"1149",217
"1150",217
"1151",217
"1152",322
"1153",638
"1154",639
"1155",642
"1156",643
"1157",643
"1158",644
"1159",322
"1160",645
"1161",646
"1162",322
"1163",496
"1164",647
"1165",496
"1166",648
"1167",236
"1168",238
"1169",649
"1170",197
"1171",197
"1172",502
"1173",573
"1174",197
"1175",322
"1176",197
"1177",650
"1178",322
"1179",651
"1180",98
"1181",322
"1182",322
"1183",526
"1184",197
"1185",652
"1186",183
"1187",322
"1188",322
"1189",651
"1190",652
"1191",183
"1192",322
"1193",653
"1194",197
"1195",526
"1196",654
"1197",655
"1198",656
"1199",657
"1200",658
"1201",9
"1202",659
"1203",660
"1204",661
"1205",662
"1206",662
"1207",662
"1208",663
"1209",29
"1210",496
"1211",295
"1212",295
"1213",496
"1214",664
"1215",664
"1216",664
"1217",665
"1218",29
"1219",574
"1220",666
"1221",83
"1222",295
"1223",667
"1224",668
"1225",668
"1226",668
"1227",270
"1228",270
"1229",270
"1230",270
"1231",270
"1232",555
"1233",270
"1234",669
"1235",541
"1236",138
"1237",670
"1238",670
"1239",670
"1240",496
"1241",496
"1242",671
"1243",496
"1244",29
"1245",496
"1246",295
"1247",295
"1248",496
"1249",665
"1250",29
"1251",574
"1252",672
"1253",496
"1254",83
"1255",673
"1256",674
"1257",675
"1258",675
"1259",673
"1260",83
"1261",676
"1262",677
"1263",558
"1264",558
"1265",678
"1266",678
"1267",569
"1268",568
"1269",679
"1270",680
"1271",681
"1272",138
"1273",682
"1274",683
"1275",683
"1276",683
"1277",683
"1278",683
"1279",683
"1280",671
"1281",89
"1282",89
"1283",684
"1284",684
"1285",685
"1286",685
"1287",685
"1288",685
"1289",685
"1290",685
"1291",686
"1292",687
"1293",54
"1294",688
"1295",689
"1296",690
"1297",285
"1298",691
"1299",99
"1300",618
"1301",692
"1302",690
"1303",693
"1304",692
"1305",690
"1306",693
"1307",42
"1308",694
"1309",42
"1310",695
"1311",696
"1312",697
"1313",42
"1314",698
"1315",618
"1316",618
"1317",692
"1318",690
"1319",693
"1320",581
"1321",690
"1322",693
"1323",692
"1324",690
"1325",690
"1326",696
"1327",693
"1328",694
"1329",110
"1330",699
"1331",699
"1332",700
"1333",700
"1334",701
"1335",702
"1336",692
"1337",690
"1338",693
"1339",703
"1340",322
"1341",83
"1342",98
"1343",194
"1344",195
"1345",196
"1346",197
"1347",198
"1348",9
"1349",199
"1350",200
"1351",201
"1352",202
"1353",200
"1354",200
"1355",202
"1356",200
"1357",200
"1358",704
"1359",704
"1360",203
"1361",9
"1362",204
"1363",205
"1364",206
"1365",207
"1366",208
"1367",209
"1368",209
"1369",207
"1370",210
"1371",210
"1372",211
"1373",125
"1374",212
"1375",213
"1376",214
"1377",212
"1378",213
"1379",214
"1380",212
"1381",213
"1382",214
"1383",212
"1384",213
"1385",214
"1386",212
"1387",213
"1388",214
"1389",212
"1390",213
"1391",214
"1392",212
"1393",215
"1394",214
"1395",212
"1396",215
"1397",214
"1398",212
"1399",215
"1400",214
"1401",212
"1402",215
"1403",214
"1404",215
"1405",212
"1406",215
"1407",214
"1408",212
"1409",215
"1410",214
"1411",215
"1412",214
"1413",215
"1414",212
"1415",214
"1416",212
"1417",213
"1418",214
"1419",212
"1420",213
"1421",214
"1422",212
"1423",216
"1424",214
"1425",217
"1426",217
"1427",217
"1428",218
"1429",218
"1430",219
"1431",219
"1432",219
"1433",220
"1434",221
"1435",216
"1436",222
"1437",219
"1438",217
"1439",223
"1440",197
"1441",216
"1442",216
"1443",211
"1444",125
"1445",705
"1446",138
"1447",705
"1448",138
"1449",224
"1450",194
"1451",224
"1452",224
"1453",225
"1454",226
"1455",194
"1456",224
"1457",110
"1458",226
"1459",194
"1460",227
"1461",227
"1462",228
"1463",194
"1464",229
"1465",110
"1466",230
"1467",231
"1468",230
"1469",231
"1470",232
"1471",233
"1472",234
"1473",235
"1474",29
"1475",217
"1476",217
"1477",217
"1478",219
"1479",217
"1480",219
"1481",216
"1482",223
"1483",223
"1484",236
"1485",223
"1486",219
"1487",237
"1488",219
"1489",219
"1490",219
"1491",236
"1492",238
"1493",237
"1494",216
"1495",531
"1496",706
"1497",707
"1498",594
"1499",708
"1500",223
"1501",223
"1502",239
"1503",240
"1504",241
"1505",242
"1506",9
"1507",243
"1508",243
"1509",244
"1510",245
"1511",246
"1512",243
"1513",243
"1514",9
"1515",99
"1516",247
"1517",248
"1518",9
"1519",249
"1520",250
"1521",251
"1522",252
"1523",253
"1524",254
"1525",250
"1526",255
"1527",256
"1528",257
"1529",257
"1530",257
"1531",257
"1532",258
"1533",98
"1534",317
"1535",98
"1536",98
"1537",98
"1538",618
"1539",709
"1540",9
"1541",710
"1542",711
"1543",712
"1544",712
"1545",713
"1546",714
"1547",98
"1548",712
"1549",715
"1550",716
"1551",717
"1552",259
"1553",260
"1554",260
"1555",261
"1556",262
"1557",263
"1558",264
"1559",565
"1560",565
"1561",718
"1562",265
"1563",266
"1564",267
"1565",267
"1566",268
"1567",269
"1568",264
"1569",704
"1570",565
"1571",565
"1572",565
"1573",719
"1574",704
"1575",271
"1576",565
"1577",565
"1578",718
"1579",272
"1580",273
"1581",274
"1582",275
"1583",276
"1584",276
"1585",277
"1586",278
"1587",279
"1588",280
"1589",281
"1590",278
"1591",282
"1592",283
"1593",279
"1594",279
"1595",284
"1596",247
"1597",285
"1598",286
"1599",287
"1600",288
"1601",289
"1602",290
"1603",291
"1604",292
"1605",292
"1606",281
"1607",293
"1608",9
"1609",294
"1610",295
"1611",296
"1612",297
"1613",298
"1614",298
"1615",299
"1616",211
"1617",125
"1618",300
"1619",9
"1620",301
"1621",302
"1622",302
"1623",302
"1624",303
"1625",302
"1626",304
"1627",225
"1628",305
"1629",267
"1630",306
"1631",9
"1632",307
"1633",308
"1634",309
"1635",170
"1636",310
"1637",29
"1638",242
"1639",311
"1640",311
"1641",312
"1642",313
"1643",314
"1644",315
"1645",316
"1646",317
"1647",318
"1648",317
"1649",305
"1650",319
"1651",103
"1652",300
"1653",320
"1654",321
"1655",305
"1656",322
"1657",323
"1658",324
"1659",324
"1660",325
"1661",325
"1662",326
"1663",266
"1664",327
"1665",327
"1666",328
"1667",328
"1668",329
"1669",330
"1670",324
"1671",9
"1672",331
"1673",332
"1674",333
"1675",332
"1676",270
"1677",203
"1678",334
"1679",197
"1680",335
"1681",720
"1682",720
"1683",721
"1684",721
"1685",336
"1686",704
"1687",721
"1688",721
"1689",338
"1690",339
"1691",338
"1692",704
"1693",297
"1694",203
"1695",721
"1696",197
"1697",340
"1698",341
"1699",342
"1700",342
"1701",343
"1702",344
"1703",344
"1704",9
"1705",345
"1706",346
"1707",347
"1708",348
"1709",295
"1710",324
"1711",324
"1712",349
"1713",348
"1714",350
"1715",351
"1716",352
"1717",352
"1718",353
"1719",354
"1720",355
"1721",356
"1722",356
"1723",305
"1724",357
"1725",358
"1726",320
"1727",359
"1728",360
"1729",361
"1730",362
"1731",362
"1732",362
"1733",363
"1734",363
"1735",297
"1736",297
"1737",300
"1738",364
"1739",365
"1740",297
"1741",297
"1742",366
"1743",722
"1744",271
"1745",271
"1746",271
"1747",271
"1748",367
"1749",271
"1750",271
"1751",368
"1752",369
"1753",369
"1754",369
"1755",369
"1756",369
"1757",369
"1758",369
"1759",369
"1760",369
"1761",369
"1762",369
"1763",369
"1764",369
"1765",370
"1766",371
"1767",9
"1768",372
"1769",373
"1770",374
"1771",262
"1772",375
"1773",376
"1774",307
"1775",377
"1776",378
"1777",379
"1778",380
"1779",381
"1780",382
"1781",382
"1782",383
"1783",384
"1784",385
"1785",385
"1786",386
"1787",268
"1788",270
"1789",719
"1790",387
"1791",29
"1792",29
"1793",183
"1794",388
"1795",389
"1796",721
"1797",704
"1798",390
"1799",391
"1800",392
"1801",268
"1802",393
"1803",307
"1804",307
"1805",394
"1806",395
"1807",396
"1808",397
"1809",398
"1810",399
"1811",400
"1812",401
"1813",402
"1814",403
"1815",404
"1816",405
"1817",406
"1818",407
"1819",377
"1820",408
"1821",409
"1822",410
"1823",411
"1824",240
"1825",412
"1826",413
"1827",414
"1828",239
"1829",239
"1830",415
"1831",416
"1832",417
"1833",418
"1834",419
"1835",420
"1836",421
"1837",422
"1838",423
"1839",424
"1840",425
"1841",426
"1842",427
"1843",428
"1844",429
"1845",430
"1846",431
"1847",432
"1848",433
"1849",434
"1850",435
"1851",436
"1852",437
"1853",438
"1854",439
"1855",440
"1856",441
"1857",442
"1858",443
"1859",444
"1860",445
"1861",446
"1862",447
"1863",448
"1864",449
"1865",450
"1866",451
"1867",452
"1868",453
"1869",454
"1870",455
"1871",456
"1872",457
"1873",458
"1874",459
"1875",460
"1876",461
"1877",462
"1878",463
"1879",464
"1880",465
"1881",466
"1882",467
"1883",468
"1884",469
"1885",470
"1886",471
"1887",472
"1888",473
"1889",474
"1890",475
"1891",476
"1892",477
"1893",478
"1894",479
"1895",480
"1896",481
"1897",482
"1898",386
"1899",483
"1900",484
"1901",485
"1902",486
"1903",308
"1904",83
"1905",291
"1906",487
"1907",488
"1908",489
"1909",723
"1910",490
"1911",491
"1912",492
"1913",493
"1914",494
"1915",495
"1916",36
"1917",496
"1918",183
"1919",35
"1920",497
"1921",498
"1922",499
"1923",500
"1924",501
"1925",502
"1926",503
"1927",504
"1928",505
"1929",504
"1930",504
"1931",504
"1932",504
"1933",133
"1934",9
"1935",291
"1936",506
"1937",504
"1938",507
"1939",496
"1940",508
"1941",222
"1942",509
"1943",510
"1944",511
"1945",718
"1946",512
"1947",513
"1948",510
"1949",511
"1950",721
"1951",387
"1952",197
"1953",512
"1954",514
"1955",184
"1956",185
"1957",185
"1958",186
"1959",187
"1960",188
"1961",189
"1962",190
"1963",191
"1964",192
"1965",193
"1966",724
"1967",724
"1968",725
"1969",726
"1970",180
"1971",727
"1972",727
"1973",724
"1974",180
"1975",728
"1976",618
"1977",692
"1978",729
"1979",618
"1980",724
"1981",724
"1982",730
"1983",724
"1984",724
"1985",731
"1986",732
"1987",629
"1988",733
"1989",724
"1990",618
"1991",724
"1992",618
"1993",618
"1994",734
"1995",618
"1996",724
"1997",180
"1998",180
"1999",180
"2000",180
"2001",690
"2002",693
"2003",692
"2004",724
"2005",724
"2006",735
"2007",180
"2008",180
"2009",180
"2010",736
"2011",737
"2012",738
"2013",738
"2014",29
"2015",739
"2016",739
"2017",517
"2018",518
"2019",519
"2020",520
"2021",520
"2022",520
"2023",521
"2024",522
"2025",523
"2026",522
"2027",522
"2028",522
"2029",520
"2030",517
"2031",521
"2032",521
"2033",522
"2034",519
"2035",522
"2036",522
"2037",522
"2038",518
"2039",316
"2040",520
"2041",520
"2042",520
"2043",217
"2044",218
"2045",218
"2046",183
"2047",183
"2048",524
"2049",525
"2050",322
"2051",197
"2052",526
"2053",526
"2054",527
"2055",526
"2056",197
"2057",183
"2058",98
"2059",183
"2060",322
"2061",197
"2062",528
"2063",529
"2064",530
"2065",531
"2066",532
"2067",180
"2068",533
"2069",534
"2070",535
"2071",535
"2072",536
"2073",536
"2074",537
"2075",537
"2076",538
"2077",539
"2078",539
"2079",540
"2080",269
"2081",704
"2082",719
"2083",541
"2084",541
"2085",541
"2086",542
"2087",718
"2088",543
"2089",544
"2090",545
"2091",546
"2092",547
"2093",548
"2094",548
"2095",549
"2096",546
"2097",546
"2098",9
"2099",550
"2100",551
"2101",552
"2102",553
"2103",554
"2104",566
"2105",566
"2106",566
"2107",567
"2108",568
"2109",569
"2110",569
"2111",569
"2112",322
"2113",570
"2114",571
"2115",216
"2116",572
"2117",573
"2118",217
"2119",569
"2120",568
"2121",568
"2122",574
"2123",531
"2124",575
"2125",295
"2126",576
"2127",531
"2128",110
"2129",577
"2130",576
"2131",496
"2132",65
"2133",65
"2134",578
"2135",579
"2136",580
"2137",581
"2138",582
"2139",291
"2140",583
"2141",584
"2142",585
"2143",585
"2144",586
"2145",9
"2146",545
"2147",587
"2148",588
"2149",589
"2150",590
"2151",591
"2152",592
"2153",593
"2154",594
"2155",594
"2156",595
"2157",566
"2158",566
"2159",566
"2160",740
"2161",140
"2162",34
"2163",39
"2164",39
"2165",41
"2166",741
"2167",44
"2168",742
"2169",743
"2170",744
"2171",745
"2172",45
"2173",46
"2174",47
"2175",48
"2176",49
"2177",14
"2178",50
"2179",51
"2180",52
"2181",37
"2182",37
"2183",37
"2184",53
"2185",37
"2186",39
"2187",39
"2188",37
"2189",37
"2190",53
"2191",54
"2192",746
"2193",58
"2194",37
"2195",747
"2196",86
"2197",87
"2198",88
"2199",87
"2200",89
"2201",92
"2202",93
"2203",94
"2204",748
"2205",96
"2206",96
"2207",96
"2208",97
"2209",99
"2210",749
"2211",101
"2212",102
"2213",103
"2214",104
"2215",105
"2216",34
"2217",38
"2218",39
"2219",39
"2220",40
"2221",41
"2222",42
"2223",750
"2224",44
"2225",742
"2226",743
"2227",744
"2228",745
"2229",45
"2230",46
"2231",47
"2232",48
"2233",49
"2234",14
"2235",50
"2236",51
"2237",751
"2238",52
"2239",37
"2240",37
"2241",37
"2242",53
"2243",37
"2244",39
"2245",39
"2246",37
"2247",37
"2248",53
"2249",54
"2250",55
"2251",57
"2252",58
"2253",37
"2254",60
"2255",752
"2256",753
"2257",754
"2258",754
"2259",62
"2260",63
"2261",63
"2262",63
"2263",63
"2264",63
"2265",86
"2266",87
"2267",88
"2268",87
"2269",89
"2270",92
"2271",93
"2272",94
"2273",748
"2274",96
"2275",96
"2276",96
"2277",96
"2278",97
"2279",98
"2280",99
"2281",749
"2282",101
"2283",102
"2284",103
"2285",104
"2286",105
"2287",106
"2288",39
"2289",41
"2290",39
"2291",107
"2292",39
"2293",108
"2294",39
"2295",108
"2296",39
"2297",108
"2298",39
"2299",108
"2300",39
"2301",108
"2302",39
"2303",108
"2304",39
"2305",108
"2306",39
"2307",108
"2308",39
"2309",108
"2310",39
"2311",108
"2312",110
"2313",111
"2314",755
"2315",59
"2316",91
"2317",113
"2318",114
"2319",115
"2320",115
"2321",756
"2322",116
"2323",117
"2324",118
"2325",119
"2326",120
"2327",120
"2328",119
"2329",119
"2330",121
"2331",122
"2332",123
"2333",120
"2334",124
"2335",110
"2336",618
"2337",757
"2338",45
"2339",618
"2340",696
"2341",65
"2342",618
"2343",709
"2344",98
"2345",194
"2346",195
"2347",196
"2348",197
"2349",198
"2350",9
"2351",199
"2352",200
"2353",201
"2354",202
"2355",200
"2356",200
"2357",202
"2358",200
"2359",200
"2360",704
"2361",704
"2362",203
"2363",9
"2364",204
"2365",205
"2366",206
"2367",207
"2368",208
"2369",209
"2370",209
"2371",207
"2372",210
"2373",210
"2374",211
"2375",125
"2376",212
"2377",213
"2378",214
"2379",212
"2380",213
"2381",214
"2382",212
"2383",213
"2384",214
"2385",212
"2386",213
"2387",214
"2388",212
"2389",213
"2390",214
"2391",212
"2392",213
"2393",214
"2394",212
"2395",215
"2396",214
"2397",212
"2398",215
"2399",214
"2400",212
"2401",215
"2402",214
"2403",212
"2404",215
"2405",214
"2406",215
"2407",212
"2408",215
"2409",214
"2410",212
"2411",215
"2412",214
"2413",215
"2414",214
"2415",215
"2416",212
"2417",214
"2418",212
"2419",213
"2420",214
"2421",212
"2422",213
"2423",214
"2424",212
"2425",216
"2426",214
"2427",217
"2428",217
"2429",217
"2430",218
"2431",218
"2432",219
"2433",219
"2434",219
"2435",220
"2436",221
"2437",216
"2438",222
"2439",219
"2440",217
"2441",223
"2442",197
"2443",216
"2444",216
"2445",211
"2446",125
"2447",138
"2448",138
"2449",224
"2450",194
"2451",224
"2452",224
"2453",225
"2454",226
"2455",194
"2456",224
"2457",110
"2458",226
"2459",194
"2460",227
"2461",227
"2462",228
"2463",194
"2464",229
"2465",110
"2466",230
"2467",231
"2468",230
"2469",231
"2470",232
"2471",233
"2472",234
"2473",235
"2474",29
"2475",217
"2476",217
"2477",217
"2478",219
"2479",217
"2480",219
"2481",216
"2482",223
"2483",223
"2484",236
"2485",223
"2486",219
"2487",237
"2488",219
"2489",219
"2490",219
"2491",236
"2492",238
"2493",237
"2494",216
"2495",531
"2496",706
"2497",707
"2498",594
"2499",708
"2500",223
"2501",223
"2502",239
"2503",240
"2504",241
"2505",242
"2506",9
"2507",243
"2508",243
"2509",244
"2510",245
"2511",246
"2512",243
"2513",243
"2514",9
"2515",99
"2516",247
"2517",248
"2518",9
"2519",249
"2520",250
"2521",251
"2522",252
"2523",253
"2524",254
"2525",250
"2526",255
"2527",256
"2528",257
"2529",257
"2530",257
"2531",257
"2532",258
"2533",98
"2534",317
"2535",98
"2536",98
"2537",98
"2538",618
"2539",709
"2540",9
"2541",710
"2542",711
"2543",712
"2544",713
"2545",714
"2546",98
"2547",712
"2548",715
"2549",716
"2550",717
"2551",259
"2552",260
"2553",260
"2554",261
"2555",262
"2556",263
"2557",264
"2558",565
"2559",565
"2560",718
"2561",265
"2562",266
"2563",267
"2564",267
"2565",268
"2566",269
"2567",264
"2568",704
"2569",565
"2570",565
"2571",565
"2572",719
"2573",704
"2574",271
"2575",565
"2576",565
"2577",718
"2578",272
"2579",273
"2580",274
"2581",275
"2582",276
"2583",276
"2584",277
"2585",278
"2586",279
"2587",280
"2588",281
"2589",278
"2590",282
"2591",283
"2592",279
"2593",279
"2594",284
"2595",247
"2596",285
"2597",286
"2598",287
"2599",288
"2600",289
"2601",290
"2602",291
"2603",292
"2604",292
"2605",281
"2606",293
"2607",9
"2608",294
"2609",295
"2610",296
"2611",297
"2612",298
"2613",298
"2614",299
"2615",211
"2616",125
"2617",300
"2618",9
"2619",301
"2620",302
"2621",302
"2622",302
"2623",303
"2624",302
"2625",304
"2626",225
"2627",305
"2628",267
"2629",306
"2630",9
"2631",307
"2632",308
"2633",309
"2634",170
"2635",310
"2636",29
"2637",242
"2638",311
"2639",311
"2640",312
"2641",313
"2642",314
"2643",315
"2644",316
"2645",317
"2646",318
"2647",317
"2648",305
"2649",319
"2650",103
"2651",300
"2652",320
"2653",321
"2654",305
"2655",322
"2656",323
"2657",324
"2658",324
"2659",325
"2660",325
"2661",326
"2662",266
"2663",327
"2664",327
"2665",328
"2666",328
"2667",329
"2668",330
"2669",324
"2670",9
"2671",331
"2672",332
"2673",333
"2674",332
"2675",270
"2676",203
"2677",334
"2678",197
"2679",335
"2680",720
"2681",720
"2682",721
"2683",721
"2684",336
"2685",704
"2686",721
"2687",721
"2688",338
"2689",339
"2690",338
"2691",704
"2692",297
"2693",203
"2694",721
"2695",197
"2696",340
"2697",341
"2698",342
"2699",342
"2700",343
"2701",344
"2702",344
"2703",9
"2704",345
"2705",346
"2706",347
"2707",348
"2708",295
"2709",324
"2710",324
"2711",349
"2712",348
"2713",350
"2714",351
"2715",352
"2716",352
"2717",353
"2718",354
"2719",355
"2720",356
"2721",356
"2722",305
"2723",357
"2724",358
"2725",320
"2726",359
"2727",360
"2728",361
"2729",362
"2730",362
"2731",362
"2732",363
"2733",363
"2734",297
"2735",297
"2736",300
"2737",364
"2738",365
"2739",297
"2740",297
"2741",366
"2742",722
"2743",271
"2744",271
"2745",271
"2746",271
"2747",367
"2748",271
"2749",271
"2750",368
"2751",369
"2752",369
"2753",369
"2754",369
"2755",369
"2756",369
"2757",369
"2758",369
"2759",369
"2760",369
"2761",369
"2762",369
"2763",369
"2764",370
"2765",371
"2766",9
"2767",372
"2768",373
"2769",374
"2770",262
"2771",375
"2772",376
"2773",307
"2774",377
"2775",378
"2776",379
"2777",380
"2778",381
"2779",382
"2780",382
"2781",383
"2782",384
"2783",385
"2784",385
"2785",386
"2786",268
"2787",270
"2788",719
"2789",387
"2790",29
"2791",29
"2792",183
"2793",388
"2794",389
"2795",704
"2796",704
"2797",390
"2798",391
"2799",392
"2800",268
"2801",393
"2802",307
"2803",307
"2804",394
"2805",395
"2806",396
"2807",397
"2808",398
"2809",399
"2810",400
"2811",401
"2812",402
"2813",403
"2814",404
"2815",405
"2816",406
"2817",407
"2818",377
"2819",408
"2820",409
"2821",410
"2822",411
"2823",240
"2824",412
"2825",413
"2826",414
"2827",239
"2828",239
"2829",415
"2830",416
"2831",417
"2832",418
"2833",419
"2834",420
"2835",421
"2836",422
"2837",423
"2838",424
"2839",425
"2840",426
"2841",427
"2842",428
"2843",429
"2844",430
"2845",431
"2846",432
"2847",433
"2848",434
"2849",435
"2850",436
"2851",437
"2852",438
"2853",439
"2854",440
"2855",441
"2856",442
"2857",443
"2858",444
"2859",445
"2860",446
"2861",447
"2862",448
"2863",449
"2864",450
"2865",451
"2866",452
"2867",453
"2868",454
"2869",455
"2870",456
"2871",457
"2872",458
"2873",459
"2874",460
"2875",461
"2876",462
"2877",463
"2878",464
"2879",465
"2880",466
"2881",467
"2882",468
"2883",469
"2884",470
"2885",471
"2886",472
"2887",473
"2888",474
"2889",475
"2890",476
"2891",477
"2892",478
"2893",479
"2894",480
"2895",481
"2896",482
"2897",386
"2898",483
"2899",484
"2900",485
"2901",486
"2902",308
"2903",83
"2904",291
"2905",487
"2906",488
"2907",489
"2908",723
"2909",490
"2910",491
"2911",492
"2912",493
"2913",494
"2914",495
"2915",36
"2916",496
"2917",183
"2918",35
"2919",497
"2920",498
"2921",499
"2922",500
"2923",501
"2924",502
"2925",503
"2926",504
"2927",505
"2928",504
"2929",504
"2930",504
"2931",504
"2932",133
"2933",9
"2934",291
"2935",506
"2936",504
"2937",507
"2938",496
"2939",508
"2940",222
"2941",509
"2942",510
"2943",511
"2944",718
"2945",512
"2946",513
"2947",510
"2948",511
"2949",721
"2950",387
"2951",197
"2952",512
"2953",514
"2954",184
"2955",185
"2956",185
"2957",186
"2958",187
"2959",188
"2960",189
"2961",190
"2962",191
"2963",192
"2964",193
"2965",517
"2966",518
"2967",519
"2968",520
"2969",520
"2970",520
"2971",521
"2972",522
"2973",523
"2974",522
"2975",522
"2976",522
"2977",520
"2978",517
"2979",521
"2980",521
"2981",522
"2982",519
"2983",522
"2984",522
"2985",522
"2986",518
"2987",316
"2988",520
"2989",520
"2990",520
"2991",217
"2992",218
"2993",218
"2994",183
"2995",183
"2996",524
"2997",525
"2998",322
"2999",197
"3000",526
"3001",526
"3002",527
"3003",526
"3004",197
"3005",183
"3006",98
"3007",183
"3008",322
"3009",197
"3010",528
"3011",529
"3012",530
"3013",531
"3014",532
"3015",180
"3016",533
"3017",534
"3018",535
"3019",535
"3020",536
"3021",536
"3022",537
"3023",537
"3024",538
"3025",539
"3026",539
"3027",540
"3028",269
"3029",704
"3030",719
"3031",541
"3032",541
"3033",541
"3034",542
"3035",718
"3036",543
"3037",544
"3038",545
"3039",546
"3040",547
"3041",548
"3042",548
"3043",549
"3044",546
"3045",546
"3046",9
"3047",550
"3048",551
"3049",552
"3050",553
"3051",554
"3052",566
"3053",566
"3054",566
"3055",567
"3056",568
"3057",569
"3058",569
"3059",569
"3060",322
"3061",570
"3062",571
"3063",216
"3064",572
"3065",573
"3066",217
"3067",569
"3068",568
"3069",568
"3070",574
"3071",531
"3072",575
"3073",295
"3074",576
"3075",531
"3076",110
"3077",577
"3078",576
"3079",496
"3080",65
"3081",65
"3082",578
"3083",579
"3084",580
"3085",581
"3086",582
"3087",291
"3088",583
"3089",584
"3090",585
"3091",585
"3092",586
"3093",9
"3094",545
"3095",587
"3096",588
"3097",589
"3098",590
"3099",591
"3100",592
"3101",593
"3102",594
"3103",594
"3104",595
"3105",566
"3106",566
"3107",566
"3108",633
"3109",634
"3110",634
"3111",634
"3112",634
"3113",29
"3114",635
"3115",636
"3116",637
"3117",637
"3118",638
"3119",637
"3120",639
"3121",640
"3122",640
"3123",639
"3124",641
"3125",641
"3126",496
"3127",322
"3128",217
"3129",217
"3130",217
"3131",217
"3132",217
"3133",217
"3134",217
"3135",217
"3136",217
"3137",217
"3138",322
"3139",638
"3140",639
"3141",642
"3142",643
"3143",643
"3144",644
"3145",322
"3146",645
"3147",646
"3148",322
"3149",496
"3150",647
"3151",496
"3152",648
"3153",236
"3154",238
"3155",649
"3156",197
"3157",197
"3158",502
"3159",573
"3160",197
"3161",322
"3162",197
"3163",650
"3164",322
"3165",651
"3166",98
"3167",322
"3168",322
"3169",526
"3170",197
"3171",652
"3172",183
"3173",322
"3174",322
"3175",651
"3176",652
"3177",183
"3178",322
"3179",653
"3180",197
"3181",526
"3182",654
"3183",655
"3184",656
"3185",657
"3186",658
"3187",9
"3188",659
"3189",660
"3190",661
"3191",662
"3192",662
"3193",662
"3194",663
"3195",29
"3196",496
"3197",295
"3198",295
"3199",496
"3200",664
"3201",664
"3202",664
"3203",665
"3204",29
"3205",574
"3206",666
"3207",83
"3208",295
"3209",667
"3210",668
"3211",668
"3212",668
"3213",270
"3214",270
"3215",270
"3216",270
"3217",270
"3218",555
"3219",270
"3220",669
"3221",541
"3222",138
"3223",670
"3224",670
"3225",670
"3226",496
"3227",496
"3228",671
"3229",496
"3230",29
"3231",496
"3232",295
"3233",295
"3234",496
"3235",665
"3236",29
"3237",574
"3238",672
"3239",496
"3240",83
"3241",673
"3242",674
"3243",675
"3244",675
"3245",673
"3246",83
"3247",676
"3248",677
"3249",558
"3250",558
"3251",678
"3252",678
"3253",569
"3254",568
"3255",679
"3256",680
"3257",681
"3258",138
"3259",682
"3260",683
"3261",683
"3262",683
"3263",683
"3264",683
"3265",683
"3266",671
"3267",89
"3268",89
"3269",684
"3270",684
"3271",685
"3272",685
"3273",685
"3274",685
"3275",685
"3276",685
"3277",686
"3278",687
"3279",54
"3280",688
"3281",689
"3282",690
"3283",285
"3284",691
"3285",99
"3286",618
"3287",692
"3288",690
"3289",693
"3290",692
"3291",690
"3292",693
"3293",42
"3294",694
"3295",42
"3296",695
"3297",696
"3298",697
"3299",42
"3300",698
"3301",618
"3302",618
"3303",692
"3304",690
"3305",693
"3306",581
"3307",690
"3308",693
"3309",692
"3310",690
"3311",690
"3312",696
"3313",693
"3314",694
"3315",110
"3316",699
"3317",699
"3318",700
"3319",700
"3320",701
"3321",702
"3322",692
"3323",690
"3324",693
"3325",703
"3326",322
"3327",83
"3328",98
"3329",194
"3330",195
"3331",196
"3332",197
"3333",198
"3334",9
"3335",199
"3336",200
"3337",201
"3338",202
"3339",200
"3340",200
"3341",202
"3342",200
"3343",200
"3344",704
"3345",704
"3346",203
"3347",9
"3348",204
"3349",205
"3350",206
"3351",207
"3352",208
"3353",209
"3354",209
"3355",207
"3356",210
"3357",210
"3358",211
"3359",125
"3360",212
"3361",213
"3362",214
"3363",212
"3364",213
"3365",214
"3366",212
"3367",213
"3368",214
"3369",212
"3370",213
"3371",214
"3372",212
"3373",213
"3374",214
"3375",212
"3376",213
"3377",214
"3378",212
"3379",215
"3380",214
"3381",212
"3382",215
"3383",214
"3384",212
"3385",215
"3386",214
"3387",212
"3388",215
"3389",214
"3390",215
"3391",212
"3392",215
"3393",214
"3394",212
"3395",215
"3396",214
"3397",215
"3398",214
"3399",215
"3400",212
"3401",214
"3402",212
"3403",213
"3404",214
"3405",212
"3406",213
"3407",214
"3408",212
"3409",216
"3410",214
"3411",217
"3412",217
"3413",217
"3414",218
"3415",218
"3416",219
"3417",219
"3418",219
"3419",220
"3420",221
"3421",216
"3422",222
"3423",219
"3424",217
"3425",223
"3426",197
"3427",216
"3428",216
"3429",211
"3430",125
"3431",705
"3432",138
"3433",705
"3434",138
"3435",224
"3436",194
"3437",224
"3438",224
"3439",225
"3440",226
"3441",194
"3442",224
"3443",110
"3444",226
"3445",194
"3446",227
"3447",227
"3448",228
"3449",194
"3450",229
"3451",110
"3452",230
"3453",231
"3454",230
"3455",231
"3456",232
"3457",233
"3458",234
"3459",235
"3460",29
"3461",217
"3462",217
"3463",217
"3464",219
"3465",217
"3466",219
"3467",216
"3468",223
"3469",223
"3470",236
"3471",223
"3472",219
"3473",237
"3474",219
"3475",219
"3476",219
"3477",236
"3478",238
"3479",237
"3480",216
"3481",531
"3482",706
"3483",707
"3484",594
"3485",708
"3486",223
"3487",223
"3488",239
"3489",240
"3490",241
"3491",242
"3492",9
"3493",243
"3494",243
"3495",244
"3496",245
"3497",246
"3498",243
"3499",243
"3500",9
"3501",99
"3502",247
"3503",248
"3504",9
"3505",249
"3506",250
"3507",251
"3508",252
"3509",253
"3510",254
"3511",250
"3512",255
"3513",256
"3514",257
"3515",257
"3516",257
"3517",257
"3518",258
"3519",98
"3520",317
"3521",98
"3522",98
"3523",98
"3524",618
"3525",709
"3526",9
"3527",710
"3528",711
"3529",712
"3530",712
"3531",713
"3532",714
"3533",98
"3534",712
"3535",715
"3536",716
"3537",717
"3538",259
"3539",260
"3540",260
"3541",261
"3542",262
"3543",263
"3544",264
"3545",565
"3546",565
"3547",718
"3548",265
"3549",266
"3550",267
"3551",267
"3552",268
"3553",269
"3554",264
"3555",704
"3556",565
"3557",565
"3558",565
"3559",719
"3560",704
"3561",271
"3562",565
"3563",565
"3564",718
"3565",272
"3566",273
"3567",274
"3568",275
"3569",276
"3570",276
"3571",277
"3572",278
"3573",279
"3574",280
"3575",281
"3576",278
"3577",282
"3578",283
"3579",279
"3580",279
"3581",284
"3582",247
"3583",285
"3584",286
"3585",287
"3586",288
"3587",289
"3588",290
"3589",291
"3590",292
"3591",292
"3592",281
"3593",293
"3594",9
"3595",294
"3596",295
"3597",296
"3598",297
"3599",298
"3600",298
"3601",299
"3602",211
"3603",125
"3604",300
"3605",9
"3606",301
"3607",302
"3608",302
"3609",302
"3610",303
"3611",302
"3612",304
"3613",225
"3614",305
"3615",267
"3616",306
"3617",9
"3618",307
"3619",308
"3620",309
"3621",170
"3622",310
"3623",29
"3624",242
"3625",311
"3626",311
"3627",312
"3628",313
"3629",314
"3630",315
"3631",316
"3632",317
"3633",318
"3634",317
"3635",305
"3636",319
"3637",103
"3638",300
"3639",320
"3640",321
"3641",305
"3642",322
"3643",323
"3644",324
"3645",324
"3646",325
"3647",325
"3648",326
"3649",266
"3650",327
"3651",327
"3652",328
"3653",328
"3654",329
"3655",330
"3656",324
"3657",9
"3658",331
"3659",332
"3660",333
"3661",332
"3662",270
"3663",203
"3664",334
"3665",197
"3666",335
"3667",720
"3668",720
"3669",721
"3670",721
"3671",336
"3672",704
"3673",721
"3674",721
"3675",338
"3676",339
"3677",338
"3678",704
"3679",297
"3680",203
"3681",721
"3682",197
"3683",340
"3684",341
"3685",342
"3686",342
"3687",343
"3688",344
"3689",344
"3690",9
"3691",345
"3692",346
"3693",347
"3694",348
"3695",295
"3696",324
"3697",324
"3698",349
"3699",348
"3700",350
"3701",351
"3702",352
"3703",352
"3704",353
"3705",354
"3706",355
"3707",356
"3708",356
"3709",305
"3710",357
"3711",358
"3712",320
"3713",359
"3714",360
"3715",361
"3716",362
"3717",362
"3718",362
"3719",363
"3720",363
"3721",297
"3722",297
"3723",300
"3724",364
"3725",365
"3726",297
"3727",297
"3728",366
"3729",722
"3730",271
"3731",271
"3732",271
"3733",271
"3734",367
"3735",271
"3736",271
"3737",368
"3738",369
"3739",369
"3740",369
"3741",369
"3742",369
"3743",369
"3744",369
"3745",369
"3746",369
"3747",369
"3748",369
"3749",369
"3750",369
"3751",370
"3752",371
"3753",9
"3754",372
"3755",373
"3756",374
"3757",262
"3758",375
"3759",376
"3760",307
"3761",377
"3762",378
"3763",379
"3764",380
"3765",381
"3766",382
"3767",382
"3768",383
"3769",384
"3770",385
"3771",385
"3772",386
"3773",268
"3774",270
"3775",719
"3776",387
"3777",29
"3778",29
"3779",183
"3780",388
"3781",389
"3782",721
"3783",704
"3784",390
"3785",391
"3786",392
"3787",268
"3788",393
"3789",307
"3790",307
"3791",394
"3792",395
"3793",396
"3794",397
"3795",398
"3796",399
"3797",400
"3798",401
"3799",402
"3800",403
"3801",404
"3802",405
"3803",406
"3804",407
"3805",377
"3806",408
"3807",409
"3808",410
"3809",411
"3810",240
"3811",412
"3812",413
"3813",414
"3814",239
"3815",239
"3816",415
"3817",416
"3818",417
"3819",418
"3820",419
"3821",420
"3822",421
"3823",422
"3824",423
"3825",424
"3826",425
"3827",426
"3828",427
"3829",428
"3830",429
"3831",430
"3832",431
"3833",432
"3834",433
"3835",434
"3836",435
"3837",436
"3838",437
"3839",438
"3840",439
"3841",440
"3842",441
"3843",442
"3844",443
"3845",444
"3846",445
"3847",446
"3848",447
"3849",448
"3850",449
"3851",450
"3852",451
"3853",452
"3854",453
"3855",454
"3856",455
"3857",456
"3858",457
"3859",458
"3860",459
"3861",460
"3862",461
"3863",462
"3864",463
"3865",464
"3866",465
"3867",466
"3868",467
"3869",468
"3870",469
"3871",470
"3872",471
"3873",472
"3874",473
"3875",474
"3876",475
"3877",476
"3878",477
"3879",478
"3880",479
"3881",480
"3882",481
"3883",482
"3884",386
"3885",483
"3886",484
"3887",485
"3888",486
"3889",308
"3890",83
"3891",291
"3892",487
"3893",488
"3894",489
"3895",723
"3896",490
"3897",491
"3898",492
"3899",493
"3900",494
"3901",495
"3902",36
"3903",496
"3904",183
"3905",35
"3906",497
"3907",498
"3908",499
"3909",500
"3910",501
"3911",502
"3912",503
"3913",504
"3914",505
"3915",504
"3916",504
"3917",504
"3918",504
"3919",133
"3920",9
"3921",291
"3922",506
"3923",504
"3924",507
"3925",496
"3926",508
"3927",222
"3928",509
"3929",510
"3930",511
"3931",718
"3932",512
"3933",513
"3934",510
"3935",511
"3936",721
"3937",387
"3938",197
"3939",512
"3940",514
"3941",184
"3942",185
"3943",185
"3944",186
"3945",187
"3946",188
"3947",189
"3948",190
"3949",191
"3950",192
"3951",193
"3952",724
"3953",724
"3954",725
"3955",726
"3956",180
"3957",727
"3958",727
"3959",724
"3960",180
"3961",728
"3962",618
"3963",692
"3964",729
"3965",618
"3966",724
"3967",724
"3968",730
"3969",724
"3970",724
"3971",731
"3972",732
"3973",629
"3974",733
"3975",724
"3976",618
"3977",724
"3978",618
"3979",618
"3980",734
"3981",618
"3982",724
"3983",180
"3984",180
"3985",180
"3986",180
"3987",690
"3988",693
"3989",692
"3990",724
"3991",724
"3992",735
"3993",180
"3994",180
"3995",180
"3996",736
"3997",737
"3998",738
"3999",738
"4000",29
"4001",739
"4002",739
"4003",517
"4004",518
"4005",519
"4006",520
"4007",520
"4008",520
"4009",521
"4010",522
"4011",523
"4012",522
"4013",522
"4014",522
"4015",520
"4016",517
"4017",521
"4018",521
"4019",522
"4020",519
"4021",522
"4022",522
"4023",522
"4024",518
"4025",316
"4026",520
"4027",520
"4028",520
"4029",217
"4030",218
"4031",218
"4032",183
"4033",183
"4034",524
"4035",525
"4036",322
"4037",197
"4038",526
"4039",526
"4040",527
"4041",526
"4042",197
"4043",183
"4044",98
"4045",183
"4046",322
"4047",197
"4048",528
"4049",529
"4050",530
"4051",531
"4052",532
"4053",180
"4054",533
"4055",534
"4056",535
"4057",535
"4058",536
"4059",536
"4060",537
"4061",537
"4062",538
"4063",539
"4064",539
"4065",540
"4066",269
"4067",704
"4068",719
"4069",541
"4070",541
"4071",541
"4072",542
"4073",718
"4074",543
"4075",544
"4076",545
"4077",546
"4078",547
"4079",548
"4080",548
"4081",549
"4082",546
"4083",546
"4084",9
"4085",550
"4086",551
"4087",552
"4088",553
"4089",554
"4090",566
"4091",566
"4092",566
"4093",567
"4094",568
"4095",569
"4096",569
"4097",569
"4098",322
"4099",570
"4100",571
"4101",216
"4102",572
"4103",573
"4104",217
"4105",569
"4106",568
"4107",568
"4108",574
"4109",531
"4110",575
"4111",295
"4112",576
"4113",531
"4114",110
"4115",577
"4116",576
"4117",496
"4118",65
"4119",65
"4120",578
"4121",579
"4122",580
"4123",581
"4124",582
"4125",291
"4126",583
"4127",584
"4128",585
"4129",585
"4130",586
"4131",9
"4132",545
"4133",587
"4134",588
"4135",589
"4136",590
"4137",591
"4138",592
"4139",593
"4140",594
"4141",594
"4142",595
"4143",566
"4144",566
"4145",566
"4146",693
"4147",758
"4148",759
"4149",760
"4150",761
"4151",762
"4152",763
"4153",764
"4154",765
"4155",765
"4156",761
"4157",766
"4158",767
"4159",768
"4160",769
"4161",770
"4162",771
"4163",772
"4164",773
"4165",774
"4166",775
"4167",776
"4168",770
"4169",771
"4170",772
"4171",769
"4172",777
"4173",778
"4174",779
"4175",780
"4176",781
"4177",782
"4178",783
"4179",784
"4180",785
"4181",786
"4182",787
"4183",788
"4184",789
"4185",790
"4186",791
"4187",792
"4188",783
"4189",784
"4190",785
"4191",793
"4192",781
"4193",782
"4194",783
"4195",784
"4196",785
"4197",794
"4198",795
"4199",781
"4200",782
"4201",796
"4202",797
"4203",798
"4204",799
"4205",800
"4206",795
"4207",801
"4208",802
"4209",803
"4210",686
"4211",687
"4212",804
"4213",805
"4214",180
"4215",180
"4216",180
"4217",806
"4218",806
"4219",807
"4220",808
"4221",809
"4222",806
"4223",42
"4224",810
"4225",811
"4226",812
"4227",813
"4228",814
"4229",813
"4230",79
"4231",815
"4232",816
"4233",817
"4234",818
"4235",819
"4236",818
"4237",818
"4238",817
"4239",820
"4240",821
"4241",822
"4242",823
"4243",824
"4244",825
"4245",818
"4246",818
"4247",826
"4248",83
"4249",827
"4250",828
"4251",112
"4252",829
"4253",830
"4254",831
"4255",832
"4256",798
"4257",799
"4258",833
"4259",818
"4260",687
"4261",818
"4262",834
"4263",531
"4264",835
"4265",836
"4266",837
"4267",17
"4268",838
"4269",839
"4270",840
"4271",841
"4272",778
"4273",842
"4274",840
"4275",839
"4276",843
"4277",844
"4278",845
"4279",808
"4280",846
"4281",847
"4282",217
"4283",848
"4284",849
"4285",850
"4286",851
"4287",852
"4288",853
"4289",854
"4290",855
"4291",795
"4292",856
"4293",820
"4294",857
"4295",858
"4296",859
"4297",311
"4298",860
"4299",861
"4300",97
"4301",862
"4302",97
"4303",863
"4304",864
"4305",865
"4306",866
"4307",866
"4308",867
"4309",868
"4310",869
"4311",870
"4312",869
"4313",871
"4314",872
"4315",873
"4316",874
"4317",875
"4318",858
"4319",37
"4320",37
"4321",876
"4322",140
"4323",877
"4324",273
"4325",274
"4326",853
"4327",878
"4328",59
"4329",874
"4330",879
"4331",880
"4332",881
"4333",741
"4334",742
"4335",743
"4336",744
"4337",44
"4338",745
"4339",45
"4340",46
"4341",101
"4342",102
"4343",882
"4344",104
"4345",52
"4346",37
"4347",37
"4348",879
"4349",879
"4350",37
"4351",37
"4352",883
"4353",37
"4354",883
"4355",884
"4356",90
"4357",515
"4358",120
"4359",119
"4360",885
"4361",120
"4362",91
"4363",92
"4364",93
"4365",93
"4366",886
"4367",887
"4368",887
"4369",888
"4370",94
"4371",889
"4372",79
"4373",890
"4374",891
"4375",892
"4376",79
"4377",893
"4378",892
"4379",891
"4380",8
"4381",8
"4382",894
"4383",891
"4384",892
"4385",895
"4386",896
"4387",703
"4388",897
"4389",897
"4390",898
"4391",899
"4392",899
"4393",900
"4394",698
"4395",821
"4396",901
"4397",8
"4398",902
"4399",295
"4400",295
"4401",295
"4402",295
"4403",703
"4404",79
"4405",898
"4406",899
"4407",903
"4408",903
"4409",903
"4410",904
"4411",3
"4412",903
"4413",621
"4414",896
"4415",703
"4416",897
"4417",897
"4418",898
"4419",899
"4420",899
"4421",900
"4422",698
"4423",821
"4424",901
"4425",8
"4426",902
"4427",295
"4428",295
"4429",295
"4430",295
"4431",703
"4432",703
"4433",703
"4434",79
"4435",898
"4436",899
"4437",903
"4438",903
"4439",903
"4440",903
"4441",903
"4442",903
"4443",903
"4444",904
"4445",3
"4446",903
"4447",621
"4448",896
"4449",703
"4450",897
"4451",897
"4452",898
"4453",899
"4454",899
"4455",900
"4456",698
"4457",821
"4458",901
"4459",8
"4460",902
"4461",295
"4462",295
"4463",295
"4464",295
"4465",703
"4466",703
"4467",79
"4468",898
"4469",899
"4470",903
"4471",903
"4472",903
"4473",903
"4474",903
"4475",903
"4476",904
"4477",3
"4478",903
"4479",621
"4480",896
"4481",703
"4482",897
"4483",897
"4484",898
"4485",899
"4486",899
"4487",900
"4488",698
"4489",821
"4490",901
"4491",8
"4492",902
"4493",295
"4494",295
"4495",295
"4496",295
"4497",703
"4498",79
"4499",898
"4500",899
"4501",903
"4502",903
"4503",904
"4504",3
"4505",903
"4506",621
"4507",896
"4508",703
"4509",897
"4510",897
"4511",898
"4512",899
"4513",899
"4514",900
"4515",698
"4516",821
"4517",901
"4518",8
"4519",902
"4520",295
"4521",295
"4522",295
"4523",295
"4524",703
"4525",79
"4526",898
"4527",899
"4528",903
"4529",903
"4530",904
"4531",3
"4532",903
"4533",621
"4534",896
"4535",703
"4536",897
"4537",897
"4538",898
"4539",899
"4540",899
"4541",900
"4542",698
"4543",821
"4544",901
"4545",8
"4546",902
"4547",295
"4548",295
"4549",295
"4550",295
"4551",703
"4552",703
"4553",79
"4554",898
"4555",899
"4556",903
"4557",903
"4558",903
"4559",903
"4560",903
"4561",903
"4562",904
"4563",3
"4564",903
"4565",621
"4566",896
"4567",703
"4568",897
"4569",897
"4570",898
"4571",899
"4572",899
"4573",900
"4574",698
"4575",821
"4576",901
"4577",8
"4578",902
"4579",295
"4580",295
"4581",295
"4582",295
"4583",703
"4584",79
"4585",898
"4586",899
"4587",903
"4588",903
"4589",904
"4590",3
"4591",903
"4592",621
"4593",896
"4594",703
"4595",897
"4596",897
"4597",898
"4598",899
"4599",899
"4600",900
"4601",698
"4602",821
"4603",901
"4604",8
"4605",902
"4606",295
"4607",295
"4608",295
"4609",295
"4610",703
"4611",703
"4612",703
"4613",79
"4614",898
"4615",899
"4616",903
"4617",903
"4618",903
"4619",903
"4620",903
"4621",903
"4622",903
"4623",904
"4624",3
"4625",903
"4626",621
"4627",905
"4628",17
"4629",906
"4630",891
"4631",892
"4632",907
"4633",908
"4634",891
"4635",892
"4636",895
"4637",909
"4638",618
"4639",703
"4640",910
"4641",911
"4642",295
"4643",351
"4644",351
"4645",596
"4646",596
"4647",596
"4648",596
"4649",596
"4650",598
"4651",598
"4652",909
"4653",597
"4654",703
"4655",910
"4656",295
"4657",351
"4658",351
"4659",596
"4660",596
"4661",596
"4662",596
"4663",596
"4664",598
"4665",598
"4666",598
"4667",909
"4668",597
"4669",703
"4670",910
"4671",295
"4672",351
"4673",351
"4674",596
"4675",596
"4676",596
"4677",596
"4678",596
"4679",598
"4680",598
"4681",598
"4682",912
"4683",912
"4684",913
"4685",98
"4686",194
"4687",195
"4688",196
"4689",197
"4690",198
"4691",9
"4692",199
"4693",200
"4694",201
"4695",202
"4696",200
"4697",200
"4698",202
"4699",200
"4700",200
"4701",704
"4702",704
"4703",203
"4704",9
"4705",204
"4706",205
"4707",206
"4708",207
"4709",208
"4710",209
"4711",209
"4712",207
"4713",210
"4714",210
"4715",211
"4716",125
"4717",212
"4718",213
"4719",214
"4720",212
"4721",213
"4722",214
"4723",212
"4724",213
"4725",214
"4726",212
"4727",213
"4728",214
"4729",212
"4730",213
"4731",214
"4732",212
"4733",213
"4734",214
"4735",212
"4736",215
"4737",214
"4738",212
"4739",215
"4740",214
"4741",212
"4742",215
"4743",214
"4744",212
"4745",215
"4746",214
"4747",215
"4748",212
"4749",215
"4750",214
"4751",212
"4752",215
"4753",214
"4754",215
"4755",214
"4756",215
"4757",212
"4758",214
"4759",212
"4760",213
"4761",214
"4762",212
"4763",213
"4764",214
"4765",212
"4766",216
"4767",214
"4768",217
"4769",217
"4770",217
"4771",218
"4772",218
"4773",219
"4774",219
"4775",219
"4776",220
"4777",221
"4778",216
"4779",222
"4780",219
"4781",217
"4782",223
"4783",197
"4784",216
"4785",216
"4786",211
"4787",125
"4788",914
"4789",138
"4790",914
"4791",138
"4792",224
"4793",194
"4794",224
"4795",224
"4796",225
"4797",226
"4798",194
"4799",224
"4800",110
"4801",226
"4802",194
"4803",227
"4804",227
"4805",228
"4806",194
"4807",229
"4808",110
"4809",230
"4810",231
"4811",230
"4812",231
"4813",232
"4814",233
"4815",29
"4816",217
"4817",217
"4818",217
"4819",219
"4820",217
"4821",219
"4822",216
"4823",223
"4824",223
"4825",236
"4826",223
"4827",219
"4828",237
"4829",219
"4830",219
"4831",219
"4832",236
"4833",238
"4834",237
"4835",216
"4836",531
"4837",706
"4838",707
"4839",594
"4840",708
"4841",223
"4842",223
"4843",239
"4844",240
"4845",241
"4846",242
"4847",9
"4848",243
"4849",243
"4850",244
"4851",245
"4852",246
"4853",243
"4854",243
"4855",9
"4856",99
"4857",247
"4858",248
"4859",9
"4860",249
"4861",250
"4862",251
"4863",252
"4864",253
"4865",254
"4866",250
"4867",255
"4868",256
"4869",257
"4870",257
"4871",257
"4872",257
"4873",258
"4874",259
"4875",260
"4876",260
"4877",261
"4878",262
"4879",263
"4880",264
"4881",565
"4882",565
"4883",718
"4884",265
"4885",266
"4886",267
"4887",267
"4888",268
"4889",269
"4890",264
"4891",704
"4892",565
"4893",565
"4894",565
"4895",719
"4896",704
"4897",271
"4898",565
"4899",565
"4900",718
"4901",272
"4902",273
"4903",274
"4904",275
"4905",276
"4906",276
"4907",277
"4908",278
"4909",279
"4910",280
"4911",281
"4912",278
"4913",282
"4914",283
"4915",279
"4916",279
"4917",284
"4918",247
"4919",285
"4920",286
"4921",287
"4922",288
"4923",289
"4924",290
"4925",291
"4926",292
"4927",292
"4928",281
"4929",293
"4930",9
"4931",294
"4932",295
"4933",296
"4934",297
"4935",298
"4936",298
"4937",299
"4938",211
"4939",125
"4940",300
"4941",9
"4942",301
"4943",302
"4944",302
"4945",302
"4946",303
"4947",302
"4948",304
"4949",225
"4950",305
"4951",267
"4952",306
"4953",9
"4954",307
"4955",308
"4956",309
"4957",170
"4958",310
"4959",29
"4960",242
"4961",60
"4962",60
"4963",312
"4964",313
"4965",314
"4966",315
"4967",316
"4968",317
"4969",318
"4970",317
"4971",305
"4972",915
"4973",300
"4974",320
"4975",321
"4976",305
"4977",322
"4978",323
"4979",324
"4980",324
"4981",325
"4982",325
"4983",326
"4984",266
"4985",327
"4986",327
"4987",328
"4988",328
"4989",329
"4990",330
"4991",324
"4992",9
"4993",331
"4994",332
"4995",333
"4996",332
"4997",270
"4998",203
"4999",334
"5000",197
"5001",335
"5002",720
"5003",720
"5004",721
"5005",721
"5006",336
"5007",704
"5008",704
"5009",704
"5010",338
"5011",339
"5012",338
"5013",704
"5014",297
"5015",203
"5016",704
"5017",197
"5018",340
"5019",341
"5020",342
"5021",342
"5022",343
"5023",344
"5024",344
"5025",9
"5026",345
"5027",346
"5028",347
"5029",348
"5030",295
"5031",324
"5032",324
"5033",349
"5034",348
"5035",350
"5036",351
"5037",916
"5038",916
"5039",917
"5040",918
"5041",919
"5042",356
"5043",356
"5044",305
"5045",357
"5046",358
"5047",320
"5048",359
"5049",360
"5050",361
"5051",362
"5052",362
"5053",362
"5054",363
"5055",363
"5056",297
"5057",297
"5058",300
"5059",364
"5060",365
"5061",297
"5062",297
"5063",366
"5064",722
"5065",271
"5066",271
"5067",271
"5068",271
"5069",367
"5070",271
"5071",271
"5072",368
"5073",369
"5074",369
"5075",369
"5076",369
"5077",369
"5078",369
"5079",369
"5080",369
"5081",369
"5082",369
"5083",369
"5084",369
"5085",369
"5086",370
"5087",371
"5088",9
"5089",372
"5090",373
"5091",374
"5092",262
"5093",375
"5094",376
"5095",307
"5096",377
"5097",378
"5098",379
"5099",379
"5100",380
"5101",381
"5102",382
"5103",382
"5104",384
"5105",385
"5106",385
"5107",386
"5108",268
"5109",270
"5110",719
"5111",387
"5112",29
"5113",29
"5114",183
"5115",388
"5116",389
"5117",704
"5118",704
"5119",390
"5120",391
"5121",392
"5122",268
"5123",393
"5124",307
"5125",307
"5126",394
"5127",395
"5128",396
"5129",397
"5130",398
"5131",399
"5132",400
"5133",401
"5134",402
"5135",403
"5136",404
"5137",405
"5138",406
"5139",407
"5140",377
"5141",408
"5142",409
"5143",410
"5144",411
"5145",240
"5146",412
"5147",413
"5148",414
"5149",239
"5150",239
"5151",415
"5152",416
"5153",417
"5154",418
"5155",419
"5156",420
"5157",421
"5158",422
"5159",423
"5160",424
"5161",425
"5162",426
"5163",427
"5164",428
"5165",429
"5166",430
"5167",431
"5168",432
"5169",433
"5170",434
"5171",435
"5172",436
"5173",437
"5174",438
"5175",439
"5176",440
"5177",441
"5178",442
"5179",443
"5180",444
"5181",445
"5182",446
"5183",447
"5184",448
"5185",449
"5186",450
"5187",451
"5188",452
"5189",453
"5190",454
"5191",455
"5192",456
"5193",457
"5194",458
"5195",459
"5196",460
"5197",461
"5198",462
"5199",463
"5200",464
"5201",465
"5202",466
"5203",467
"5204",468
"5205",469
"5206",470
"5207",471
"5208",472
"5209",473
"5210",474
"5211",475
"5212",476
"5213",477
"5214",478
"5215",479
"5216",480
"5217",481
"5218",482
"5219",386
"5220",483
"5221",484
"5222",485
"5223",486
"5224",308
"5225",83
"5226",291
"5227",487
"5228",488
"5229",489
"5230",489
"5231",490
"5232",491
"5233",492
"5234",493
"5235",494
"5236",495
"5237",36
"5238",496
"5239",183
"5240",35
"5241",497
"5242",498
"5243",499
"5244",500
"5245",501
"5246",502
"5247",503
"5248",504
"5249",505
"5250",504
"5251",504
"5252",504
"5253",504
"5254",133
"5255",9
"5256",291
"5257",506
"5258",504
"5259",507
"5260",496
"5261",508
"5262",222
"5263",509
"5264",510
"5265",511
"5266",718
"5267",512
"5268",513
"5269",510
"5270",511
"5271",718
"5272",387
"5273",197
"5274",512
"5275",514
"5276",184
"5277",185
"5278",185
"5279",187
"5280",188
"5281",189
"5282",190
"5283",515
"5284",191
"5285",192
"5286",193
"5287",517
"5288",518
"5289",519
"5290",520
"5291",520
"5292",520
"5293",521
"5294",522
"5295",523
"5296",522
"5297",522
"5298",522
"5299",520
"5300",517
"5301",521
"5302",521
"5303",522
"5304",519
"5305",522
"5306",522
"5307",522
"5308",518
"5309",316
"5310",520
"5311",520
"5312",520
"5313",217
"5314",218
"5315",218
"5316",183
"5317",183
"5318",524
"5319",525
"5320",322
"5321",197
"5322",526
"5323",526
"5324",527
"5325",526
"5326",197
"5327",183
"5328",98
"5329",183
"5330",322
"5331",528
"5332",529
"5333",530
"5334",531
"5335",532
"5336",180
"5337",533
"5338",534
"5339",535
"5340",535
"5341",536
"5342",536
"5343",537
"5344",537
"5345",538
"5346",539
"5347",539
"5348",540
"5349",269
"5350",704
"5351",719
"5352",541
"5353",541
"5354",541
"5355",542
"5356",543
"5357",544
"5358",545
"5359",546
"5360",547
"5361",548
"5362",548
"5363",549
"5364",546
"5365",546
"5366",9
"5367",550
"5368",551
"5369",552
"5370",553
"5371",554
"5372",566
"5373",566
"5374",566
"5375",567
"5376",568
"5377",569
"5378",569
"5379",569
"5380",322
"5381",570
"5382",571
"5383",216
"5384",572
"5385",573
"5386",217
"5387",569
"5388",568
"5389",568
"5390",574
"5391",531
"5392",575
"5393",295
"5394",576
"5395",531
"5396",110
"5397",577
"5398",576
"5399",496
"5400",65
"5401",65
"5402",578
"5403",579
"5404",580
"5405",581
"5406",582
"5407",291
"5408",583
"5409",584
"5410",585
"5411",585
"5412",586
"5413",9
"5414",545
"5415",587
"5416",588
"5417",589
"5418",590
"5419",593
"5420",594
"5421",594
"5422",595
"5423",566
"5424",566
"5425",566
