id, sequence
"1","1124 1125 1126 1127"
"2","1128"
"3","1129"
"4","1128"
"5","1128"
"6","1128 1128 1129"
"7","1130"
"8","1131 1132 1133"
"9","1134"
"10","1135"
"11","1136 1137 1138"
"12","1131 1132"
"13","1130"
"14","1140 1141 1142 1143 1144 1145"
"15","1146 1147 1148 1146 1140 1149 1140 1148 1129 1140 1149 1140 1148 1148 1140 1129 1150 1151 1148 1148 1152 1129 1150 1151 1149"
"16","1153"
"17","1147"
"18","1154 1145"
"19","1132 1155 1156"
"20","1157 1145"
"21","1158 1143 1143"
"22","1159 1147 1148 1159 1140 1149 1140 1148 1129 1140 1149 1140 1148 1148 1140 1129 1150 1151 1148 1148 1160 1129 1150 1151 1149"
"23","1153"
"24","1143 1161 1144 1145 1162 1163 1164 1145"
"25","1165 1166 1145"
"26","1167 1168 1145"
"27","1169 1145"
"28","1170 1171 1157 1145"
"29","1172 1172"
"30","1173 1173 1174"
"31","1175 1176 1175 1176 1175 1176 1175 1176"
"32","1177 1177 1177"
"33","1178 1179"
"34","1180"
"35","1181"
"36","1182"
"37","1183 1184 1185 1183"
"38","1186 1187 1188"
"39","1189 1190 1191 1192 1193 1194 1195 1196 1197 1198"
"40","1199 1200 1201 1192 1193 1194 1202 1196 1197 1198"
"41","1203 1196 1203 1204"
"42","1205 1205"
"43","1206 1207 1208 1209 1210"
"44","1211 1212 1213 1214"
"45","1215 1216 1188"
"46","1217"
"47","1218 1219 1220 1221 1222 1223 1224 1225 1226 1227 1218 1219"
"48","1228 1229"
"49","1230 1168"
"50","1231 1232"
"51","1177 1233 1234 1235 1236 1237"
"52","1238"
"53","1230 1168"
"54","1239 1240 1241 1242"
"55","1243 1244"
"56","1245 1244"
"57","1246 1247"
"58","1248"
"59","1249 1250 1251 1217"
"60","1251 1217 1252 1253 1249 1250 1251 1217 1252 1253 1249 1250"
"61","1249 1250 1252 1253"
"62","1249 1250 1252 1253 1252 1253"
"63","1249 1250 1252 1253"
"64","1254 1254 1255 1256 1257 1258 1259 1260 1261 1262"
"65","1263 1264 1265 1266 1265 1266"
"66","1263 1267 1268 1268"
"67","1263 1267 1268"
"68","1263 1267 1269"
"69","1270 1271 1272 1145 1145 1263 1267 1273"
"70","1274 1275 1276 1145"
"71","1277 1172 1172 1172 1172 1172 1172 1172 1172 1172 1172 1172 1172 1172 1172"
"72","1278 1173 1173 1173 1173 1173 1173 1173 1173 1173 1173 1173 1173 1173 1173"
"73","1279"
"74","1280"
"75","1279"
"76","1280"
"77","1281 1282 1283 1284"
"78","1285 1286 1287"
"79","1288"
"80","1289"
"81","1290 1291 1292"
"82","1293 1294"
"83","1295"
"84","1296 1297"
"85","1298 1299"
"86","1300 1297"
"87","1137"
"88","1301 1301 1301 1301 1302 1303 1304 1305 1306 1302 1303 1304 1305 1302 1303 1304 1305 1302 1303 1304 1305 1307 1308"
"89","1309"
"90","1309 1310 1311 1308 1312 1311 1313 1314 1150 1308 1314 1315 1316 1316 1312 1312 1315 1307 1314 1307 1314"
"91","1318"
"92","1245 1319 1320 1321 1322 1323"
"93","1178 1324 1324 1325 1324 1325 1324 1252 1324 1326 1327 1324 1252 1324 1324 1252 1324 1324 1252 1324 1328 1168 1168 1168"
"94","1291 1177 1329 1177 1177 1329 1177 1177 1329 1177 1177"
"95","1319 1320 1321 1322"
"96","1330"
"97","1306 1303 1312"
"98","1331"
"99","1337 1306 1338 1339 1340 1335 1341 1336 1332 1333 1334 1306 1305 1303 1335 1336"
"100","1342 1343 1342 1343 1291"
"101","1318"
"102","1291"
"103","1318"
"104","1139 1176 1290 1317"
"105","1130 1142 1344 1132 1155 1157 1345"
"106","1346 1347 1154"
"107","1348 1140 1348 1140 1129 1348 1140"
"108","1289"
"109","1165 1166 1165 1166"
"110","1167 1168 1146 1349 1152 1350 1351 1167 1168 1146 1349 1152 1350 1351"
"111","1139 1176 1290 1317"
"112","1291"
"113","1318"
"114","1130 1142 1344 1132 1155 1157 1345"
"115","1346 1347 1154"
"116","1348 1140 1348 1140 1129 1348 1140"
"117","1289"
"118","1290 1317"
"119","1318"
"120","1245"
"121","1342 1329 1329 1329 1291"
"122","1130 1127 1124 1352 1230 1168 1290 1168 1145 1260 1260 1260 1260 1353 1252 1354 1252 1354 1252 1354 1252 1354 1252"
"123","1289 1260"
"124","1260 1260"
"125","1355 1260"
"126","1131 1132 1289 1356 1133 1135"
"127","1357 1137 1138 1358"
"128","1359 1289 1357 1137 1138"
"129","1289 1260 1140 1141 1140 1141 1360 1142 1155 1157 1361 1361"
"130","1346 1347 1154"
"131","1165 1166"
"132","1362 1363 1362 1167 1361 1145"
"133","1153 1169"
"134","1157"
"135","1178 1364 1263 1365 1178 1366"
"136","1367 1366 1367 1368"
"137","1367 1366 1367"
"138","1366 1369 1367"
"139","1370"
"140","1371 1370"
"141","1371"
"142","1366 1369"
"143","1366"
"144","1366 1366 1368"
"145","1372 1177 1177 1373 1374 1375 1376 1376 1375 1377 1376 1375 1377"
"146","1177 1177 1177 1177 1177 1373 1374 1141 1150 1150 1150 1377 1377 1150 1377 1150 1372 1177 1177 1177 1177 1177 1177 1177 1177"
"147","1378 1378"
"148","1379"
"149","1380 1379 1381"
"150","1382 1380 1379 1381"
"151","1372 1373 1374"
"152","1141 1383 1384 1384"
"153","1385 1385"
"154","1386"
"155","1387"
"156","1168 1388"
"157","1228 1177 1177 1177 1177 1177 1177 1177 1177 1177 1177 1177 1177 1373 1374 1141 1150 1150 1150 1389 1389 1150 1389 1150"
"158","1372 1177 1373 1374"
"159","1390 1391 1392"
"160","1393"
"161","1393 1393"
"162","1394"
"163","1382 1395 1393 1381"
"164","1372 1373 1374"
"165","1141 1391"
"166","1372 1177 1373 1374"
"167","1396"
"168","1397"
"169","1398 1399"
"170","1398"
"171","1398"
"172","1400"
"173","1398 1401"
"174","1398 1402"
"175","1398 1403"
"176","1398"
"177","1398"
"178","1404 1405 1168 1406 1407"
"179","1408"
"180","1398"
"181","1409 1409"
"182","1409 1409"
"183","1397"
"184","1410"
"185","1411"
"186","1410 1412"
"187","1413"
"188","1409"
"189","1414 1415 1415 1415 1415 1415 1415 1415 1415 1415 1415 1415 1415 1415 1415 1415 1415 1415 1415 1415 1415"
"190","1416"
"191","1417"
"192","1418 1381 1419 1420"
"193","1421"
"194","1139 1146 1146 1146 1146 1146 1146 1146 1146 1146 1146 1146 1146 1146 1146 1146 1146 1146 1146 1146 1146 1146 1146 1150 1150 1150 1150 1150 1146 1146 1146 1146 1146 1146 1146 1146 1422"
"195","1423 1377 1377 1424 1425 1426 1427 1168 1428 1377 1145"
"196","1429 1430 1431 1145 1432 1145"
"197","1433"
"198","1434"
"199","1434 1435 1436 1437 1361 1438 1433"
"200","1439 1435 1439 1437 1435 1440 1441 1442 1433 1434"
"201","1439 1435 1443 1439 1437 1437 1435 1436 1437 1361 1438 1145 1437"
"202","1444 1145"
"203","1427"
"204","1178 1177 1445 1177 1445 1177 1127 1124"
"205","1446"
"206","1382"
"207","1447 1447"
"208","1448"
"209","1228 1385 1127 1124 1449 1450 1252 1451 1260"
"210","1260 1382 1452"
"211","1453"
"212","1168 1382"
"213","1452"
"214","1450 1252"
"215","1260 1260 1454 1260 1452 1455"
"216","1452"
"217","1228 1385 1127 1124"
"218","1450 1252"
"219","1385 1456 1457 1458 1459 1460 1260 1150 1260 1150 1461 1462 1463 1252 1260 1150 1260 1150 1461 1461 1459 1460 1260 1150 1459 1460 1260 1150 1464 1465 1466"
"220","1467 1467"
"221","1468 1468 1452"
"222","1452 1385 1469 1252 1452 1470 1239 1240 1241 1242 1471 1177 1472 1472 1472 1439"
"223","1452"
"224","1473 1319 1321 1474 1475 1321 1474 1476 1323"
"225","1450 1252 1477 1478 1479 1480 1481 1482 1479 1480 1479 1479 1452"
"226","1452"
"227","1243 1244"
"228","1483 1483 1483 1483 1483 1483 1483 1483 1483 1483 1483 1483 1483 1483 1483 1483 1483 1483 1483 1483 1483 1483 1483 1483 1483 1483 1483"
"229","1245 1450 1252"
"230","1245 1484 1484 1244"
"231","1387 1485"
"232","1452 1470 1470"
"233","1321 1474"
"234","1321 1474 1321 1474"
"235","1321 1321 1474 1321 1474"
"236","1321 1474 1321 1474"
"237","1321 1474 1321 1474"
"238","1178 1321 1474 1321 1474"
"239","1486 1487"
"240","1488"
"241","1385 1489 1283 1490 1282 1491 1260 1260 1260 1140 1260 1492 1492 1493 1478 1375 1494 1492 1495 1492 1495"
"242","1445 1445 1445"
"243","1448 1495 1495"
"244","1452"
"245","1452"
"246","1245"
"247","1319 1321 1496 1141 1497 1498 1260 1491"
"248","1141 1499 1140 1500"
"249","1139 1146 1146 1146 1146 1501 1351 1422"
"250","1467 1467 1467 1467 1467 1467 1467 1260"
"251","1502 1503 1503 1503 1502 1503 1503 1503"
"252","1504 1482 1260 1482 1260 1482"
"253","1505 1506 1493 1507 1508"
"254","1510 1495"
"255","1385 1511 1299 1452 1452 1452 1452 1452 1317 1317 1489"
"256","1483 1483 1483 1483 1483 1483 1483 1483"
"257","1245"
"258","1512 1260 1260 1260 1260"
"259","1513 1514 1514 1140 1515 1516 1517 1518 1495 1492 1514 1514 1140 1515 1516 1493 1375 1376 1519 1520 1521 1522 1168 1168 1512"
"260","1139 1146 1146 1146 1146 1501 1351 1146 1422"
"261","1139 1146 1146 1146 1146 1146 1146 1146 1146 1146 1146 1513 1146 1146 1146 1146 1146 1517 1495 1146 1146 1146 1146 1146 1146 1146 1146 1146 1146 1422"
"262","1317 1260 1261"
"263","1523 1523 1523 1260 1260 1260"
"264","1523 1523 1523 1523 1523 1523 1260 1260 1260 1260 1260 1139 1351 1146 1146 1422 1260"
"265","1523 1260"
"266","1523 1523 1523 1523 1523 1523 1260 1260 1260 1260 1260 1260"
"267","1523 1523 1523 1523 1523 1260 1260 1260 1260 1260"
"268","1523 1260"
"269","1150 1150"
"270","1385 1524"
"271","1245"
"272","1525 1127"
"273","1452"
"274","1452"
"275","1260 1260 1260 1260 1141 1260 1260 1260 1260"
"276","1228 1385 1524 1124 1127"
"277","1260 1150"
"278","1526 1526"
"279","1527 1212 1467"
"280","1470 1527"
"281","1194"
"282","1528 1529"
"283","1245"
"284","1530"
"285","1531 1532"
"286","1533 1534"
"287","1217 1535"
"288","1536"
"289","1289 1537 1289 1537"
"290","1263"
"291","1617 1538"
"292","1289"
"293","1151 1146 1151 1146 1422 1139 1146 1146 1146 1151 1146 1151 1146 1422 1139 1146 1146 1146"
"294","1139 1146 1151 1146 1151 1422"
"295","1539 1539"
"296","1539 1539"
"297","1540 1139 1146 1540 1146 1541 1542 1146 1422 1543 1139 1146 1544 1545 1546 1547 1146 1288 1548 1545 1146 1146 1422 1540 1139 1146 1540 1146 1541 1542 1146 1422 1543 1139 1146 1544 1545 1546 1547 1146 1288 1548 1545 1146 1146 1422"
"298","1141 1549 1140 1140"
"299","1551 1552"
"300","1553 1482 1141 1151 1141 1141 1151 1140 1140 1140 1141 1454"
"301","1139 1146 1554 1351 1555 1422 1454"
"302","1217"
"303","1217"
"304","1217"
"305","1217"
"306","1364 1556"
"307","1364 1556"
"308","1364 1556"
"309","1364 1556"
"310","1435 1436 1440 1435 1435 1557 1558 1559 1560 1561 1562 1563 1564 1565 1566 1567 1568 1569 1570 1571 1167 1572 1573 1574 1170 1145 1575"
"311","1576"
"312","1577"
"313","1424"
"314","1578"
"315","1579"
"316","1580"
"317","1581 1443"
"318","1581 1435 1443 1582"
"319","1435 1583 1435 1443 1435 1584 1439"
"320","1439 1435 1436 1440 1585 1586 1440 1435 1585 1586 1585 1440 1586 1440"
"321","1439 1587 1435 1571 1572 1153 1573 1574"
"322","1587 1439 1588"
"323","1435 1589 1590 1591 1591 1592 1593 1145 1589 1594 1595 1145 1593 1596 1145 1597"
"324","1435 1443"
"325","1439 1435"
"326","1571 1167 1169 1573 1145 1171 1145"
"327","1435 1443 1439"
"328","1439 1435"
"329","1439 1584 1145"
"330","1439 1435 1443"
"331","1588 1348 1140 1141 1598"
"332","1439 1435 1443"
"333","1435 1599 1557 1571 1600 1572 1559 1574 1439"
"334","1139 1146 1576 1146 1146 1146 1422 1601"
"335","1602 1141 1140 1597"
"336","1603 1604 1605 1606 1607 1608 1603 1609 1609 1610 1145"
"337","1435 1586"
"338","1482 1145 1611 1612 1613 1613 1129 1613 1613 1613 1613 1614 1615 1616 1617 1618 1535"
"339","1560 1561 1563 1564 1565 1619 1620 1169 1153 1573 1171 1566 1567 1145 1575"
"340","1560 1561 1563 1564 1565 1566 1567 1145 1575"
"341","1621 1167 1622 1170 1623 1624"
"342","1617 1625 1535"
"343","1617 1618 1535 1145"
"344","1617 1626 1627"
"345","1617 1618 1535 1145 1428 1145"
"346","1484 1535 1428"
"347","1628"
"348","1263 1629"
"349","1263 1629"
"350","1150"
"351","1630 1631 1632"
"352","1168 1633 1634 1153 1635"
"353","1636 1637 1638 1639 1640 1145"
"354","1636 1641 1145"
"355","1636 1637 1642 1639 1640 1145"
"356","1636 1643 1145"
"357","1636 1637 1644 1639 1640 1145"
"358","1636 1645 1145"
"359","1636 1637 1646 1639 1640 1145"
"360","1636 1647 1145"
"361","1636 1637 1648 1639 1640 1145"
"362","1636 1649 1145"
"363","1650"
"364","1141 1141"
"365","1129 1651"
"366","1652"
"367","1653"
"368","1129 1597"
"369","1139 1146 1146 1654 1422 1655"
"370","1141 1656 1151 1656 1151"
"371","1151 1657 1658 1139 1141 1659 1140"
"372","1153 1141 1660 1409 1153 1141 1660"
"373","1601 1602 1661 1662"
"374","1663"
"375","1664 1168"
"376","1664 1168"
"377","1601 1602 1665"
"378","1141 1151 1151"
"379","1666 1141 1667 1668 1151"
"380","1570 1650 1669 1140 1141 1650"
"381","1671 1672"
"382","1673"
"383","1319 1321 1321 1474 1377"
"384","1319 1321 1674 1321 1675"
"385","1319 1319 1319"
"386","1319"
"387","1145"
"388","1676 1677"
"389","1617 1263"
"390","1679 1678 1291 1318"
"391","1299"
"392","1478 1495"
"393","1478"
"394","1478 1478 1317 1300 1491 1679 1317 1317"
"395","1478"
"396","1478"
"397","1478 1317 1491 1317"
"398","1491 1680"
"399","1686 1687 1491 1685 1492 1506 1493 1685 1686 1491 1685 1491 1495 1492 1491 1682 1491 1491 1491 1491 1489 1176 1681 1682 1683 1492 1497 1684 1491 1495 1492 1492 1491 1495 1492 1493 1685 1491 1685 1493 1685"
"400","1688 1689 1689 1145 1145"
"401","1480"
"402","1141 1690"
"403","1263"
"404","1691"
"405","1692"
"406","1693"
"407","1694"
"408","1695"
"409","1696 1697"
"410","1491 1680 1680 1680 1317 1680"
"411","1680"
"412","1491 1680 1680 1680 1317 1680"
"413","1698"
"414","1505 1491 1696 1697 1478 1679 1678 1296 1142 1297 1451 1679 1678 1699 1491 1679 1678 1491"
"415","1696 1505 1697 1298 1700"
"416","1701"
"417","1696 1505 1697 1702"
"418","1478 1703 1478 1317 1696 1698 1698 1451 1317 1505 1505 1505"
"419","1138 1138 1701 1697 1704"
"420","1317"
"421","1505"
"422","1705"
"423","1706 1706"
"424","1707 1708"
"425","1491 1495 1498 1709 1375 1508 1710 1451 1451"
"426","1176"
"427","1692"
"428","1693"
"429","1680"
"430","1491 1680 1680"
"431","1680"
"432","1680"
"433","1711 1491 1141 1380 1383 1383 1712 1713 1714 1478 1491 1491"
"434","1715 1478"
"435","1380 1379 1715 1482 1716 1717 1715 1482 1716 1317"
"436","1505 1451"
"437","1718 1691 1719 1720"
"438","1721"
"439","1380 1721 1716 1722 1379"
"440","1723 1724 1717 1696"
"441","1721 1725 1592"
"442","1721 1725"
"443","1721 1725 1383 1592"
"444","1380"
"445","1383"
"446","1721 1725 1383 1592"
"447","1726"
"448","1726"
"449","1726"
"450","1696 1697"
"451","1711 1725 1383 1712 1713 1727 1714 1451 1703"
"452","1728 1703 1729 1714 1703 1451 1451 1703 1703 1317"
"453","1380 1714 1713 1383 1451 1317 1505 1505 1505 1717"
"454","1491 1491 1505 1696 1697 1478 1679 1678 1296 1142 1297 1478 1679 1678 1699 1491 1679 1678 1491"
"455","1696 1505 1697 1298 1700"
"456","1701"
"457","1696 1505 1697 1702"
"458","1141"
"459","1263"
"460","1138 1730 1478 1138"
"461","1694"
"462","1695"
"463","1703"
"464","1703"
"465","1378 1378 1703 1451 1703"
"466","1703"
"467","1703"
"468","1732 1733 1731 1732"
"469","1288"
"470","1734 1735 1735 1736 1737"
"471","1731 1738 1739 1739 1740 1740"
"472","1740"
"473","1740"
"474","1741"
"475","1742"
"476","1734 1743 1743 1744 1737"
"477","1745 1745 1746 1747"
"478","1168"
"479","1748"
"480","1748 1749 1750"
"481","1748 1751 1752"
"482","1748 1751"
"483","1288"
"484","1753 1754 1755 1756 1757 1758 1759 1758 1731 1732 1760 1229 1732 1760 1229 1761 1733"
"485","1762 1763"
"486","1764 1765 1766 1767"
"487","1138"
"488","1768"
"489","1769"
"490","1770 1769 1771 1772 1773"
"491","1769"
"492","1137"
"493","1774 1775"
"494","1776 1777 1778"
"495","1734 1736 1735 1735 1779 1779 1238 1238 1780 1737"
"496","1748 1748 1748 1748 1748"
"497","1378 1378"
"498","1139 1146 1146 1146 1146 1146 1146 1654 1422"
"499","1781"
"500","1782 1782 1782 1782 1782 1782 1782 1782 1782 1782 1782 1782 1782 1782 1782 1782 1782 1782 1782 1782 1782 1782 1782 1782 1782 1782 1782 1782 1782 1782 1782 1782 1782 1782 1782 1782 1782 1782 1782 1782 1782 1782 1782 1782 1782 1782 1782 1782 1782 1782 1782 1782 1782 1782 1782 1782 1782 1782 1782 1782 1782 1782 1782 1782 1782 1782 1782 1782 1782 1782 1782 1782 1782 1782 1782 1782 1782 1782 1782 1782 1782 1782 1782 1782 1782 1782 1782 1782 1782 1782 1782 1782 1782 1782 1782 1782 1782 1782 1782 1782 1782 1782 1782 1782 1782 1782 1782 1782 1782 1782 1782 1782 1782 1782 1782 1782 1782 1782 1782 1782 1782 1782 1782 1782 1782 1782 1782 1782 1782 1782 1782 1782 1782 1782 1782 1782 1782 1782 1782 1782 1782 1782 1782 1782 1782 1782 1782 1782 1782 1782 1782 1782 1782 1782 1782 1782 1782 1782 1782 1782 1782 1782 1782 1782 1782 1782 1782 1782 1782 1782 1782 1782 1782 1782 1782 1782 1782 1782 1782 1782 1782 1782 1782 1782 1782 1782 1782 1782 1782 1782 1782 1782 1782 1782 1782 1782 1782 1782 1782 1782 1782 1782 1782 1782 1782 1782 1782 1782 1782 1782 1782 1782 1782 1782 1782 1782 1782 1782 1782 1782 1782 1782 1782 1782 1782 1782 1782 1782 1782 1782 1782 1782 1782 1782 1782 1782 1782 1782 1782 1782 1782 1782 1782 1782 1782 1782 1782 1782 1782 1782 1782 1782 1782 1782 1782 1782 1782 1782 1782 1782 1782 1782 1782 1782 1782 1782 1782 1782 1782 1782 1782 1782 1782 1782 1782 1782 1782 1782 1782 1782 1782 1782 1782 1782 1782 1782 1782 1782 1782 1782 1782 1782 1782 1782 1782 1782 1782 1782 1782 1782 1782 1782 1782 1782 1782 1782 1782 1782 1782 1782 1782 1782"
"501","1515 1480"
"502","1514 1514 1514 1514 1514 1514 1514 1514 1514 1514 1514 1514 1514 1514 1514 1514 1514 1514 1514 1514 1514 1514 1514 1514 1514 1514 1514 1514 1514 1514 1514 1514 1514 1514 1514 1514 1514 1514 1514 1514 1514 1514 1514 1514 1514 1514 1514 1514 1514 1514 1514 1514 1514 1514 1514 1514 1514 1514 1514 1514 1514 1514 1514 1514 1514 1514 1514 1514 1514 1514 1514 1514 1514 1514 1514 1514 1514 1514 1514 1514 1514 1514 1514 1514 1514 1514 1514 1514 1514 1514 1514 1514 1514 1514 1514 1514 1514 1514 1514 1514 1514 1514 1514 1514 1514 1514 1514 1514 1514 1514 1514 1514 1514 1514 1514 1514 1514 1514 1514 1514 1514 1514 1514 1514 1514 1514 1514 1514 1514 1514 1514 1514 1514 1514 1514 1514 1514 1514 1514 1514 1514 1514 1514 1514 1514 1514 1514 1514 1514 1514 1514 1514 1514 1514 1514 1514 1514 1514 1514 1514 1514 1514 1514 1514 1514 1514 1514 1514 1514 1514 1514 1514 1514 1514 1514"
"503","1505 1783"
"504","1451 1451"
"505","1451 1451"
"506","1784 1785"
"507","1786 1787 1788 1785 1785"
"508","1789 1785"
"509","1784 1790"
"510","1292 1292"
"511","1789 1293"
"512","1784 1790"
"513","1791 1423 1792"
"514","1791"
"515","1791 1793 1794"
"516","1791"
"517","1796"
"518","1796"
"519","1796"
"520","1796"
"521","1796"
"522","1796"
"523","1796"
"524","1796"
"525","1796"
"526","1796"
"527","1796"
"528","1796"
"529","1796"
"530","1796"
"531","1797"
"532","1798 1799"
"533","1798 1799"
"534","1800 1801"
"535","1539 1802 1802 1803 1803 1800 1800 1803 1803"
"536","1800 1804 1800 1801"
"537","1800 1804 1800 1801"
"538","1651"
"539","1778"
"540","1805"
"541","1806 1767 1767 1767 1767 1767 1767 1767 1767 1805"
"542","1807 1808 1809 1810 1811 1812 1813"
"543","1278 1173 1278 1173 1278 1814 1278 1814 1278 1814 1278 1278 1815 1278 1278 1815 1278 1278 1278 1815 1278 1278 1815"
"544","1277 1808 1172 1277 1810 1172 1277 1816 1809 1277 1816 1809 1277 1816 1277 1277 1817 1277 1811 1277 1817 1811 1277 1277 1277 1817 1277 1812 1277 1817 1812 1813"
"545","1482 1138 1482"
"546","1800 1800 1800"
"547","1801 1801 1801 1818 1819 1804 1804 1804 1820"
"548","1288 1288 1288 1288"
"549","1764"
"550","1821"
"551","1822"
"552","1823"
"553","1824 1825 1826 1827 1828 1829 1830"
"554","1168 1831 1832 1833 1288"
"555","1836 1139 1146 1836 1146 1837 1288 1838 1146 1422 1543 1139 1146 1544 1545 1546 1547 1146 1288 1548 1545 1146 1146 1422"
"556","1834"
"557","1835"
"558","1839 1840 1841 1423 1841 1840 1423"
"559","1278 1278 1278 1815 1278 1278 1842"
"560","1277 1277 1843 1277 1844"
"561","1764"
"562","1277 1277 1844"
"563","1845"
"564","1278 1278 1842"
"565","1290 1678"
"566","1451"
"567","1679 1678 1291 1318"
"568","1505"
"569","1317 1317 1317"
"570","1846"
"571","1505 1451 1703 1451 1451 1451 1451"
"572","1491 1478 1451 1451 1491 1478 1491 1145 1491 1454 1451 1451 1703 1451"
"573","1703 1451 1291 1317 1451"
"574","1703 1451 1505 1454 1451 1703"
"575","1703 1451 1291 1317 1451"
"576","1451 1451"
"577","1263 1629"
"578","1352"
"579","1537"
"580","1847 1535"
"581","1670 1655"
"582","1848 1849"
"583","1267 1850 1319 1260"
"584","1629 1851 1321 1322 1323 1851 1321 1322 1323 1230 1168"
"585","1851 1321 1322 1323"
"586","1852 1853 1854 1851 1321 1322 1323 1352 1855 1856 1853 1854 1857 1655 1858 1139 1859 1860 1861 1862 1146 1863 1146 1864 1260 1344"
"587","1319 1865 1260 1866"
"588","1871 1871 1871 1871 1871 1871 1871 1871 1872 1867 1868 1869 1869 1260 1870 1260 1869 1260 1869 1260 1869 1260 1869 1870 1871 1871 1871 1871 1871 1871 1871 1871 1871 1871"
"589","1502 1502 1502 1502 1502 1502 1502 1467"
"590","1873"
"591","1290"
"592","1130"
"593","1289 1874 1875 1134 1876 1876 1876 1876 1876 1876 1876 1876"
"594","1135"
"595","1142"
"596","1873 1877 1878"
"597","1879"
"598","1873 1361 1880"
"599","1873 1873 1881 1873 1882"
"600","1883"
"601","1884 1885 1886 1885 1885 1885 1885 1887 1888 1889 1885 1130 1289"
"602","1890 1641 1891 1890 1641 1891 1890 1641 1891 1129 1641 1891 1890 1641 1892 1893 1649 1891 1890"
"603","1142 1137 1637 1638 1891 1638 1640"
"604","1894"
"605","1245"
"606","1895 1260 1354"
"607","1354 1354 1354 1252 1354 1252 1354 1252"
"608","1896 1896"
"609","1470 1896 1897"
"610","1470 1896 1897"
"611","1896 1896"
"612","1898"
"613","1138 1899"
"614","1899 1899"
"615","1570 1597 1900 1901"
"616","1597 1900 1901"
"617","1902 1903 1570 1904"
"618","1905 1906"
"619","1907 1908 1906 1909 1910 1911 1912"
"620","1310"
"621","1913 1783"
"622","1641"
"623","1641"
"624","1641"
"625","1641"
"626","1649"
"627","1129 1641"
"628","1129 1641"
"629","1906 1914 1915"
"630","1906"
"631","1907 1906 1916 1917"
"632","1906"
"633","1906"
"634","1918 1919"
"635","1919 1919 1919 1919"
"636","1906 1914 1915"
"637","1906"
"638","1906"
"639","1907 1906 1916"
"640","1907 1906"
"641","1906"
"642","1918 1919"
"643","1919 1919 1919 1919"
"644","1906 1914 1906 1915"
"645","1138 1899"
"646","1907 1906 1916 1917"
"647","1920"
"648","1920"
"649","1482 1482 1482 1482 1482"
"650","1918 1919"
"651","1919"
"652","1906 1914 1915"
"653","1906"
"654","1906"
"655","1906"
"656","1921 1922 1923"
"657","1263 1924"
"658","1918 1919"
"659","1919"
"660","1906 1914 1915"
"661","1906"
"662","1907 1906 1916 1917"
"663","1906"
"664","1906"
"665","1918 1919"
"666","1919 1919 1919"
"667","1178"
"668","1925"
"669","1926"
"670","1228 1926 1324 1260 1138 1324 1260 1137"
"671","1734 1926 1743 1135"
"672","1260 1925 1260 1927 1927 1260"
"673","1928 1138 1502 1730"
"674","1130 1354 1354 1132 1133 1134 1876 1876 1127 1124 1359 1132 1133"
"675","1130 1929"
"676","1289"
"677","1228"
"678","1177 1177 1177"
"679","1127 1354 1252 1177 1930 1630"
"680","1931"
"681","1141 1153 1932 1259"
"682","1933 1930"
"683","1934 1935 1934 1935 1290"
"684","1356 1168 1357 1168 1357 1936 1936"
"685","1142"
"686","1228"
"687","1245"
"688","1130"
"689","1361"
"690","1361 1734 1743 1137 1937 1438"
"691","1361 1734 1743 1937 1438"
"692","1361 1734 1743 1937 1438"
"693","1161 1938"
"694","1162 1939 1157"
"695","1164"
"696","1154 1940"
"697","1132 1155 1157"
"698","1157"
"699","1165 1166"
"700","1167 1361"
"701","1169 1361"
"702","1157"
"703","1354 1252 1467 1127 1124 1127 1124 1134 1134 1130 1359 1287 1357 1137 1138 1357"
"704","1132"
"705","1131 1132 1133"
"706","1132 1140 1141 1135"
"707","1768 1357 1137 1138 1941 1357"
"708","1246 1247"
"709","1483 1942 1943"
"710","1245 1944 1944"
"711","1945 1946 1947 1948 1949"
"712","1945"
"713","1359"
"714","1132"
"715","1131"
"716","1133"
"717","1130"
"718","1130"
"719","1130"
"720","1137 1344 1344 1344 1344 1344"
"721","1137"
"722","1553"
"723","1346 1347 1344"
"724","1132 1155 1344 1157"
"725","1157"
"726","1165 1166"
"727","1170"
"728","1594 1595"
"729","1169"
"730","1157"
"731","1502 1260 1950 1260 1260 1168 1357 1357 1146"
"732","1259"
"733","1933 1930"
"734","1951 1952 1952 1952 1952 1127 1260 1953 1895 1954 1354 1930"
"735","1130"
"736","1666"
"737","1894 1483"
"738","1245 1351 1422"
"739","1484"
"740","1955 1955 1467 1502 1956 1955 1955 1467"
"741","1955 1955 1955 1955 1955 1955"
"742","1957"
"743","1482"
"744","1913"
"745","1611"
"746","1134 1354 1961 1127 1124 1958 1958 1959 1127 1124 1960 1137 1138 1127 1124 1134"
"747","1962 1963"
"748","1964"
"749","1135"
"750","1138 1965 1966 1960 1137 1967 1470"
"751","1361"
"752","1361"
"753","1361 1361"
"754","1360"
"755","1439 1592 1968 1439 1968"
"756","1969 1679"
"757","1360"
"758","1969 1679"
"759","1970"
"760","1971 1972 1972 1170"
"761","1971 1972 1972 1170"
"762","1973 1168"
"763","1611 1377 1611 1377 1139 1146 1168 1146 1146 1422"
"764","1611 1535"
"765","1535 1617 1618 1974"
"766","1670 1671 1578 1439 1571 1572 1153 1574 1427"
"767","1594 1595 1592"
"768","1167 1975 1748"
"769","1139 1654 1141 1146 1146 1152 1351"
"770","1178"
"771","1976"
"772","1977"
"773","1228 1177 1373 1374"
"774","1978 1252 1734 1238 1978 1252 1978 1252 1484"
"775","1245"
"776","1260 1260 1260 1260 1260"
"777","1979"
"778","1980 1535"
"779","1981 1982 1983 1984 1984 1703 1969 1703 1984 1984 1985"
"780","1442 1986 1434 1987"
"781","1988 1145"
"782","1245"
"783","1989 1990 1990 1991 1992 1993 1994 1995 1996 1997 1998 1999 2000 1994 2000 1994"
"784","1979"
"785","2002 2003"
"786","2002 2004 2002 2004"
"787","2005"
"788","2005"
"789","2007"
"790","2008 1145 2009 2010"
"791","2011 2012 2013 2013 2013 2013 2013 2013 2013 2013 2013 2008 2014 1145 2015 2010"
"792","2012 2013 2013 2013 2013 2013 2013 2013 2013 2013"
"793","2016 2017 1605 1607 1607 1607 1607 1607 1607 1607 1607 1607 2018 2019 1608 2009 2010"
"794","2017 1605 1607 1607 1607 1607 1607 1607 1607 1607 1607 2019 1608 2009 2010 2016 1597"
"795","2016 1597 2017 1605 1989 1990 1607 1606 1990 1607 1606 2019 1608 2009 2010"
"796","2016 1597 2017 1605 1607 1606 2019 1608 2009 2010"
"797","1124"
"798","2021 2022 2023"
"799","1637 1638 1642 1640"
"800","1641 2024 1643"
"801","1981 2025 2026 1898"
"802","1448 1981 1502 2024"
"803","1617 1535"
"804","1245"
"805","1872 2027 1127"
"806","1979"
"807","1872 2027 1127"
"808","1445"
"809","1514 2028 2029 2029 1343 1377 1979 2030 1377 1969 1679 1377"
"810","1560 1139 2031 2032 2033 1146 2034 2035 2032 1146 1422 1153 1561 1619 2036 2037 1563 1562 1620 1169 1171 1566 1575"
"811","1899"
"812","1229 1988 1145"
"813","1245"
"814","1991 1992 2038 1995 1996 1997 1998"
"815","1979"
"816","1354 1252 1354 1252"
"817","1979"
"818","2039 2040 2041 2042 2043 2044 2045 2046 2047 2048 2049 2042 2050 2051 2052 2053 2054 2055 2054 2054 2055 2056 2054 2055 2054 2055 2055 2054"
"819","1141 2057 1140 1140"
"820","2058 2039"
"821","2059 2058 1496 2006 2007 2059 2059"
"822","2060 2061 2062"
"823","1669 2063 2064"
"824","2065 2066 2006 1168"
"825","2006"
"826","1168"
"827","1560"
"828","1561 1563 1562 2067 1567 1168 2068 2069 1575"
"829","1847 1535"
"830","2070"
"831","2071 2072 2073"
"832","1385"
"833","2074 2075 2076 2077 2078"
"834","2079 2080"
"835","1528 2081"
"836","1849"
"837","1274"
"838","1274"
"839","2082"
"840","1848"
"841","2083"
"842","2084"
"843","1260 1260 1260 1235 1231"
"844","2085 2085"
"845","1951 2085 2085"
"846","2085 2085"
"847","1957"
"848","1178 1179"
"849","2086"
"850","1177"
"851","1228"
"852","2087 1251 1251 1251 1251"
"853","2088 2088"
"854","2088 2089 2088"
"855","2090"
"856","1445 2091 1385"
"857","1260 1260 1611"
"858","1232 1235 1231"
"859","2092"
"860","2093 2094 2094 2094 2089"
"861","1352 2095 1230 1168"
"862","2096 2096 2096 2096 2097 2097 2097 2097 2098 2098 2099 2100 2100"
"863","1381 2101 2101 2102 2103 2101 2102 2104 2102 2104"
"864","2078 2076 2105 2106"
"865","2107 2108 2109 2110 2111 2112 2110 2113 2114 2115 2116"
"866","2078 2106"
"867","2080"
"868","2117"
"869","1263 1629 1629 1856 1855 1853 1854 1352 2095 1230 1168 1856 1855 1853 1854 1145"
"870","1852"
"871","1853 1854"
"872","1853"
"873","1854"
"874","1320 1851 2118 1321 1428 2119 1321 2120 2121"
"875","1130 1951 1289 1134"
"876","1289 2122"
"877","1957"
"878","1951"
"879","1289 1355"
"880","2122"
"881","1931"
"882","1141 1153"
"883","1289"
"884","1289"
"885","1739 1142 1142"
"886","1290"
"887","1168 1936 1936"
"888","2123"
"889","1130"
"890","1361"
"891","1361 1734 1743 1137 1937 1438"
"892","1361 1734 1743 1377 1937 1438"
"893","1361 1734 1743 1377 1937 1438"
"894","1161"
"895","1162 1939 1157"
"896","1164"
"897","1154"
"898","1132 1155 1157"
"899","1157"
"900","1630 1165 1166"
"901","1167 1631 1168 2124 2124 2125 1361 2126"
"902","1169 1361"
"903","1157"
"904","1354 1252 1467 1127 1124 1524 1127 1124 1524 1502 1134 1134 1130 1359 1287 1357 1137 1138"
"905","1132"
"906","1260 1131 1132 1133"
"907","1132 1140 1141 1734 1743 1135"
"908","2127 1768 1357 1137 1138 1260"
"909","1127 1354 1930 1932 1630"
"910","1483"
"911","1245"
"912","2128 2128 2128 2128"
"913","1356 1483 1483 1483 1483"
"914","1935 1935 1259"
"915","1933 1930 1932"
"916","1357"
"917","1357"
"918","2129 2130 2131 2132 2133 2134 2135 2136 2137 1798 2007 1170 2132"
"919","2138 2139 2140 2141"
"920","2138 2139 2140"
"921","2138 2139 2140 1247"
"922","2138 2139 2142 2143 1247"
"923","2138 2139 2140 2144 1247"
"924","2138 2139 2140 2145"
"925","2138 2139 2140"
"926","2138 2139 2140 2140 1247"
"927","2138 2139 2142 2140 2143 1247"
"928","2138 2139 2140 2144 1247"
"929","2138 2139 2140 2146"
"930","2138 2139 2140 2146"
"931","2138 2139 2140"
"932","2138 2139 2140 2146"
"933","2138 2139 2140"
"934","2138 2139 2140 2140 2140 1247"
"935","2138 2139 2142 2140 2140 2143 1247"
"936","2138 2139 2140 2144 1247"
"937","2138 2139 2140 2147"
"938","2138 2139 2140 2147"
"939","2138 2139 2140 2148"
"940","2138 2139 2140"
"941","2138 2139 2140 2140 1247"
"942","2138 2139 2142 2140 2143 1247"
"943","2138 2139 2140 2144 1247"
"944","2149 2150 2150 2100 2100"
"945","2149 2150 2150 2150 2150 2100"
"946","2149 1462 2150 2150"
"947","2149 2150 2150 2149 2149 2149 2150 2150 2150 2150 2150 2150 2100"
"948","2151 2152 2153 2152 2154 2154 2155 2156 2153 2157 2158 2159 2160 2161 2160 2161"
"949","2162 2163 2164 2149 2150"
"950","2006 2006"
"951","2006 2006"
"952","1176 2155 2006"
"953","1176 2165 2006"
"954","2159 2006"
"955","2166"
"956","2167"
"957","2168 2169 2170 2167 2171"
"958","1399 1399 1399 1399 2172 1399 1399 2173 2174 2172 2175 2176 2174 2177 2178 2179 2180 2181 2173 2173"
"959","1399 2172 1399 1399 2173 2174 2172 2175 2176 2174 2177 2178 2179 2180 2181 2173 2173 1399 1399 1399"
"960","1847 1535"
"961","1386"
"962","1387"
"963","1472 1592"
"964","2061"
"965","2182"
"966","2183"
"967","1320 1321 1321 1321 1322"
"968","1228 1177 2184 1869 2185 2186 2187 2187 2188 2189 1168 1127"
"969","1228 1177 1177 1177 1177 1177 1177 1354 1252 1537 1929 1354 1252 2190 1260"
"970","1228 1177 1177 1177 1354 1252 1177 1177"
"971","1587 1587 2191"
"972","1467 1183 1467 1467 1183 1467 1467 1467"
"973","1141"
"974","1141"
"975","2192 2193 2194 2195 2148 1969 2201"
"976","1537 1929"
"977","1228 1177 1177 1177 1177 1177 1177 1177 1354 1252"
"978","1482 1587 1587 2191 1176"
"979","1141"
"980","1141"
"981","1467 1183 1467 1467 1183 1467 1467 1467"
"982","2192 2193 2194 2195 2148"
"983","1537 1929"
"984","1228 1177 2184 1869 2185 2186 2187 2187 2188 2189 1168 1127"
"985","1259 1354"
"986","1450 1252 1168 1168"
"987","2196 2197 1587 1587 2196 2196 2191"
"988","1141"
"989","1467 1183 1467 1467 1183 1467 1467 1467"
"990","2198 1168"
"991","1605 2199 1592 1607 2019"
"992","2200"
"993","2182 2184 1869"
"994","2202 2203 2183"
"995","1989 2204 1992 2205 1995 1996 1999 2206"
"996","2207 2006"
"997","2203 2208 1260 1597 1260 1260 2209 1869 2210 2211 2187 2187 2187 2188 2189 2212 1168 1127"
"998","1989 2204 1992 2213 1995 2214 2206"
"999","1848 1849"
"1000","1176 1129 1913 1641 1641 1641 1641 1641 1176"
"1001","1913 1637 1638 1638 1638 1638 1638 1639"
"1002","1847 1535"
"1003","1178 1179"
"1004","2215 2216"
"1005","2217"
"1006","1177 1177 1177 1177"
"1007","1232 1235 2218 1869 1231 2219"
"1008","1848 1849"
"1009","2220 2221 1145 1344"
"1010","2222 2223 2224 2225"
"1011","2222 2226 2223 2224"
"1012","2227 2228 2227"
"1013","2222 2229 2226 2230"
"1014","2222 2229 2226 2226 2230"
"1015","2222 2226 2230"
"1016","2222 2223 2224 2231"
"1017","2222 2226 2223 2224"
"1018","2227 2228"
"1019","2222 2229 2230"
"1020","2222 2229 2226 2230"
"1021","2222 2226 2230"
"1022","2232 1139 2233 1595 1146 1596 1422"
"1023","2234 2234 2234 2234 2234 2235 2236 1993 2237 1993 2238 2239 2240 1993 2241 2242 2236 2243 2243 2243 2243 2243 2244 2243 2117 2245"
"1024","2236 2242 2242 1454"
"1025","2236 1993 1993 1993 1344 2242"
"1026","2245"
"1027","2245"
"1028","2236 2242 2242 1454"
"1029","2236 1993 1993 1993 1344 2242"
"1030","2236 2233 1993 1993 1993 1344 2242"
"1031","2246 1499 2246 2243 2243 1145 2245"
"1032","2245"
